<?xml version="1.0" encoding="UTF-8"?>
<export version="D">
  <design>
    <source>C:\Users\frederickw\Desktop\PhoenixTamariskInterfaceBoard\GIGEUSB\PhoenixGen2-InterfaceBoard-GIGEUSB\PhoenixGen2-InterfaceBoard-GIGEUSB.sch</source>
    <date>11/26/2019 10:57:04 AM</date>
    <tool>Eeschema (5.1.0)-1</tool>
    <sheet number="1" name="/" tstamps="/">
      <title_block>
        <title>Phoenix Gen2 Interface Board - GigE, USB</title>
        <company>                  Visimid Technologies</company>
        <rev>A</rev>
        <date>11/21/19</date>
        <source>PhoenixGen2-InterfaceBoard-GIGEUSB.sch</source>
        <comment number="1" value="                  FM.Weston"/>
        <comment number="2" value="                  13000002"/>
        <comment number="3" value=""/>
        <comment number="4" value="                  Top"/>
      </title_block>
    </sheet>
    <sheet number="2" name="/power/" tstamps="/632505A0/">
      <title_block>
        <title>Phoenix Gen2 Interface Board - GigE, USB</title>
        <company>                  Visimid Technologies</company>
        <rev>A</rev>
        <date>11/21/19</date>
        <source>power.sch</source>
        <comment number="1" value="                  FM.Weston"/>
        <comment number="2" value="                  13000002"/>
        <comment number="3" value=""/>
        <comment number="4" value="                  Power Circuit"/>
      </title_block>
    </sheet>
    <sheet number="3" name="/connectors/" tstamps="/6324F874/">
      <title_block>
        <title>Phoenix Gen2 Interface Board - GigE, USB</title>
        <company>                  Visimid Technologies</company>
        <rev>A</rev>
        <date>11/21/19</date>
        <source>connectors.sch</source>
        <comment number="1" value="                  FM.Weston"/>
        <comment number="2" value="                  13000002"/>
        <comment number="3" value=""/>
        <comment number="4" value="                  Connectors"/>
      </title_block>
    </sheet>
    <sheet number="4" name="/video_comms/" tstamps="/63201CD0/">
      <title_block>
        <title>Phoenix Gen2 Interface Board - GigE, USB</title>
        <company>                  Visimid Technologies</company>
        <rev>A</rev>
        <date>11/21/19</date>
        <source>video_comms.sch</source>
        <comment number="1" value="                  FM.Weston"/>
        <comment number="2" value="                  13000002"/>
        <comment number="3" value=""/>
        <comment number="4" value="                  Communication"/>
      </title_block>
    </sheet>
    <sheet number="5" name="/voltage_translation/" tstamps="/5E549AE1/">
      <title_block>
        <title>Phoenix Gen2 Interface Board - GigE, USB</title>
        <company>                  Visimid Technologies</company>
        <rev>A</rev>
        <date>11/21/19</date>
        <source>translation.sch</source>
        <comment number="1" value="                  FM.Weston"/>
        <comment number="2" value="                  13000002"/>
        <comment number="3" value=""/>
        <comment number="4" value="                  Level Translation"/>
      </title_block>
    </sheet>
  </design>
  <components>
    <comp ref="U7">
      <value>TPS61170DRVR</value>
      <footprint>Package_DFN_QFN:DFN-6-1EP_2x2mm_P0.65mm_EP1x1.6mm</footprint>
      <fields>
        <field name="DESC">IC REG MULT CONFG ADJ 960MA 6SON</field>
        <field name="Digi-Key PN">296-22945-1-ND</field>
        <field name="Field4">None</field>
        <field name="Field5">SON-6 Texas Instruments</field>
        <field name="Field6">Texas Instruments</field>
        <field name="Field7">Unavailable</field>
        <field name="Field8">1.2A Switch, High Voltage Boost Converter in 2x2mm QFN Package 6-WSON -40 to 85</field>
        <field name="MFG">Texas Instruments</field>
        <field name="MPN">TPS61170DRVR</field>
      </fields>
      <libsource lib="PhoenixGen2-InterfaceBoard-GIGEUSB-rescue" part="TPS61170DRVR-tps61170drvr-PhoenixGen2-InterfaceBoard-CLNTSCUSB-rescue" description=""/>
      <sheetpath names="/power/" tstamps="/632505A0/"/>
      <tstamp>63278CE6</tstamp>
    </comp>
    <comp ref="C31">
      <value>0.22uF</value>
      <footprint>Capacitor_SMD:C_0402_1005Metric</footprint>
      <datasheet>~</datasheet>
      <fields>
        <field name="DESC">CAP CER 0.22UF 10V X7R 0402</field>
        <field name="Digi-Key PN">490-12706-1-ND</field>
        <field name="MFG">	Murata</field>
        <field name="MPN">GRM155R71A224KE01D</field>
      </fields>
      <libsource lib="PhoenixGen2-InterfaceBoard-GIGEUSB-rescue" part="C_Small-Device-PhoenixGen2-InterfaceBoard-CLNTSCUSB-rescue" description=""/>
      <sheetpath names="/power/" tstamps="/632505A0/"/>
      <tstamp>63278CEC</tstamp>
    </comp>
    <comp ref="C36">
      <value>1uF</value>
      <footprint>Capacitor_SMD:C_0402_1005Metric</footprint>
      <datasheet>~</datasheet>
      <fields>
        <field name="DESC">CAP CER 1UF 25V X5R 0402</field>
        <field name="Digi-Key PN">490-12263-1-ND</field>
        <field name="MFG">	Murata</field>
        <field name="MPN">GRT155R61E105KE01D</field>
      </fields>
      <libsource lib="PhoenixGen2-InterfaceBoard-GIGEUSB-rescue" part="C_Small-Device-PhoenixGen2-InterfaceBoard-CLNTSCUSB-rescue" description=""/>
      <sheetpath names="/power/" tstamps="/632505A0/"/>
      <tstamp>63278CF8</tstamp>
    </comp>
    <comp ref="C35">
      <value>4.7uF</value>
      <footprint>Capacitor_SMD:C_0805_2012Metric</footprint>
      <datasheet>~</datasheet>
      <fields>
        <field name="DESC">CAP CER 4.7UF 25V X5R 0805</field>
        <field name="Digi-Key PN">490-14644-1-ND</field>
        <field name="MFG">	Murata</field>
        <field name="MPN">GRM219R61E475MA73D</field>
      </fields>
      <libsource lib="PhoenixGen2-InterfaceBoard-GIGEUSB-rescue" part="C_Small-Device-PhoenixGen2-InterfaceBoard-CLNTSCUSB-rescue" description=""/>
      <sheetpath names="/power/" tstamps="/632505A0/"/>
      <tstamp>63278CFE</tstamp>
    </comp>
    <comp ref="C33">
      <value>22uF</value>
      <footprint>Capacitor_SMD:C_0603_1608Metric</footprint>
      <datasheet>~</datasheet>
      <fields>
        <field name="DESC">CAP CER 22UF 10V X5R 0603</field>
        <field name="Digi-Key PN">490-10476-1-ND</field>
        <field name="MFG">	Murata</field>
        <field name="MPN">GRM188R61A226ME15D</field>
      </fields>
      <libsource lib="PhoenixGen2-InterfaceBoard-GIGEUSB-rescue" part="C_Small-Device-PhoenixGen2-InterfaceBoard-CLNTSCUSB-rescue" description=""/>
      <sheetpath names="/power/" tstamps="/632505A0/"/>
      <tstamp>63278D04</tstamp>
    </comp>
    <comp ref="R23">
      <value>30.1k</value>
      <footprint>Resistor_SMD:R_0402_1005Metric</footprint>
      <datasheet>~</datasheet>
      <fields>
        <field name="DESC">RES SMD 30.1K OHM 1% 1/16W 0402</field>
        <field name="Digi-Key PN">311-30.1KLRCT-ND</field>
        <field name="MFG">Yageo</field>
        <field name="MPN">RC0402FR-0730K1L</field>
      </fields>
      <libsource lib="PhoenixGen2-InterfaceBoard-GIGEUSB-rescue" part="R_Small_US-Device-PhoenixGen2-InterfaceBoard-CLNTSCUSB-rescue" description=""/>
      <sheetpath names="/power/" tstamps="/632505A0/"/>
      <tstamp>63278D0A</tstamp>
    </comp>
    <comp ref="L6">
      <value>10uH</value>
      <footprint>footprints:A915AY100MP3</footprint>
      <datasheet>~</datasheet>
      <fields>
        <field name="DESC">FIXED IND 10UH 1.49A 90 MOHM SMD</field>
        <field name="Digi-Key PN">490-16513-1-ND</field>
        <field name="Field4">Mouser</field>
        <field name="MFG">Murata Electronics</field>
        <field name="MPN">#A915AY-100M=P3</field>
      </fields>
      <libsource lib="PhoenixGen2-InterfaceBoard-GIGEUSB-rescue" part="INDUCTOR-pspice-PhoenixGen2-InterfaceBoard-CLNTSCUSB-rescue" description=""/>
      <sheetpath names="/power/" tstamps="/632505A0/"/>
      <tstamp>63278D10</tstamp>
    </comp>
    <comp ref="L9">
      <value>10uH</value>
      <footprint>footprints:A915AY100MP3</footprint>
      <datasheet>~</datasheet>
      <fields>
        <field name="DESC">FIXED IND 10UH 1.49A 90 MOHM SMD</field>
        <field name="Digi-Key PN">490-16513-1-ND</field>
        <field name="Field4">Mouser</field>
        <field name="MFG">Murata Electronics</field>
        <field name="MPN">#A915AY-100M=P3</field>
      </fields>
      <libsource lib="PhoenixGen2-InterfaceBoard-GIGEUSB-rescue" part="INDUCTOR-pspice-PhoenixGen2-InterfaceBoard-CLNTSCUSB-rescue" description=""/>
      <sheetpath names="/power/" tstamps="/632505A0/"/>
      <tstamp>63278D16</tstamp>
    </comp>
    <comp ref="D6">
      <value>MBR0520LT1</value>
      <footprint>Diode_SMD:D_SOD-123</footprint>
      <datasheet>~</datasheet>
      <fields>
        <field name="DESC">DIODE SCHOTTKY 20V 500MA SOD123</field>
        <field name="Digi-Key PN">MBR0520LT1GOSCT-ND</field>
        <field name="MFG">ON Semiconductor</field>
        <field name="MPN">MBR0520LT1G</field>
      </fields>
      <libsource lib="PhoenixGen2-InterfaceBoard-GIGEUSB-rescue" part="D_Schottky_ALT-Device-PhoenixGen2-InterfaceBoard-CLNTSCUSB-rescue" description=""/>
      <sheetpath names="/power/" tstamps="/632505A0/"/>
      <tstamp>63278D1C</tstamp>
    </comp>
    <comp ref="R24">
      <value>10K</value>
      <footprint>Resistor_SMD:R_0402_1005Metric</footprint>
      <datasheet>~</datasheet>
      <fields>
        <field name="DESC">RES SMD 10K OHM 1% 1/16W 0402</field>
        <field name="Digi-Key PN">311-10.0KLRCT-ND</field>
        <field name="MFG">Yageo</field>
        <field name="MPN">RC0402FR-0710KL</field>
      </fields>
      <libsource lib="PhoenixGen2-InterfaceBoard-GIGEUSB-rescue" part="R_Small_US-Device-PhoenixGen2-InterfaceBoard-CLNTSCUSB-rescue" description=""/>
      <sheetpath names="/power/" tstamps="/632505A0/"/>
      <tstamp>63278D84</tstamp>
    </comp>
    <comp ref="U8">
      <value>TPS61170DRVR</value>
      <footprint>Package_DFN_QFN:DFN-6-1EP_2x2mm_P0.65mm_EP1x1.6mm</footprint>
      <fields>
        <field name="DESC">IC REG MULT CONFG ADJ 960MA 6SON</field>
        <field name="Digi-Key PN">296-22945-1-ND</field>
        <field name="Field4">None</field>
        <field name="Field5">SON-6 Texas Instruments</field>
        <field name="Field6">Texas Instruments</field>
        <field name="Field7">Unavailable</field>
        <field name="Field8">1.2A Switch, High Voltage Boost Converter in 2x2mm QFN Package 6-WSON -40 to 85</field>
        <field name="MFG">Texas Instruments</field>
        <field name="MPN">TPS61170DRVR</field>
      </fields>
      <libsource lib="PhoenixGen2-InterfaceBoard-GIGEUSB-rescue" part="TPS61170DRVR-tps61170drvr-PhoenixGen2-InterfaceBoard-CLNTSCUSB-rescue" description=""/>
      <sheetpath names="/power/" tstamps="/632505A0/"/>
      <tstamp>63278D91</tstamp>
    </comp>
    <comp ref="C37">
      <value>0.22uF</value>
      <footprint>Capacitor_SMD:C_0402_1005Metric</footprint>
      <datasheet>~</datasheet>
      <fields>
        <field name="DESC">CAP CER 0.22UF 10V X7R 0402</field>
        <field name="Digi-Key PN">490-12706-1-ND</field>
        <field name="MFG">	Murata</field>
        <field name="MPN">GRM155R71A224KE01D</field>
      </fields>
      <libsource lib="PhoenixGen2-InterfaceBoard-GIGEUSB-rescue" part="C_Small-Device-PhoenixGen2-InterfaceBoard-CLNTSCUSB-rescue" description=""/>
      <sheetpath names="/power/" tstamps="/632505A0/"/>
      <tstamp>63278D97</tstamp>
    </comp>
    <comp ref="C42">
      <value>4.7uF</value>
      <footprint>Capacitor_SMD:C_0805_2012Metric</footprint>
      <datasheet>~</datasheet>
      <fields>
        <field name="DESC">CAP CER 4.7UF 25V X5R 0805</field>
        <field name="Digi-Key PN">490-14644-1-ND</field>
        <field name="MFG">	Murata</field>
        <field name="MPN">GRM219R61E475MA73D</field>
      </fields>
      <libsource lib="PhoenixGen2-InterfaceBoard-GIGEUSB-rescue" part="C_Small-Device-PhoenixGen2-InterfaceBoard-CLNTSCUSB-rescue" description=""/>
      <sheetpath names="/power/" tstamps="/632505A0/"/>
      <tstamp>63278D9D</tstamp>
    </comp>
    <comp ref="C44">
      <value>1uF</value>
      <footprint>Capacitor_SMD:C_0402_1005Metric</footprint>
      <datasheet>~</datasheet>
      <fields>
        <field name="DESC">CAP CER 1UF 25V X5R 0402</field>
        <field name="Digi-Key PN">490-12263-1-ND</field>
        <field name="MFG">	Murata</field>
        <field name="MPN">GRT155R61E105KE01D</field>
      </fields>
      <libsource lib="PhoenixGen2-InterfaceBoard-GIGEUSB-rescue" part="C_Small-Device-PhoenixGen2-InterfaceBoard-CLNTSCUSB-rescue" description=""/>
      <sheetpath names="/power/" tstamps="/632505A0/"/>
      <tstamp>63278DA3</tstamp>
    </comp>
    <comp ref="C43">
      <value>4.7uF</value>
      <footprint>Capacitor_SMD:C_0805_2012Metric</footprint>
      <datasheet>~</datasheet>
      <fields>
        <field name="DESC">CAP CER 4.7UF 25V X5R 0805</field>
        <field name="Digi-Key PN">490-14644-1-ND</field>
        <field name="MFG">	Murata</field>
        <field name="MPN">GRM219R61E475MA73D</field>
      </fields>
      <libsource lib="PhoenixGen2-InterfaceBoard-GIGEUSB-rescue" part="C_Small-Device-PhoenixGen2-InterfaceBoard-CLNTSCUSB-rescue" description=""/>
      <sheetpath names="/power/" tstamps="/632505A0/"/>
      <tstamp>63278DA9</tstamp>
    </comp>
    <comp ref="C41">
      <value>22uF</value>
      <footprint>Capacitor_SMD:C_0603_1608Metric</footprint>
      <datasheet>~</datasheet>
      <fields>
        <field name="DESC">CAP CER 22UF 10V X5R 0603</field>
        <field name="Digi-Key PN">490-10476-1-ND</field>
        <field name="MFG">	Murata</field>
        <field name="MPN">GRM188R61A226ME15D</field>
      </fields>
      <libsource lib="PhoenixGen2-InterfaceBoard-GIGEUSB-rescue" part="C_Small-Device-PhoenixGen2-InterfaceBoard-CLNTSCUSB-rescue" description=""/>
      <sheetpath names="/power/" tstamps="/632505A0/"/>
      <tstamp>63278DAF</tstamp>
    </comp>
    <comp ref="R30">
      <value>30.1k</value>
      <footprint>Resistor_SMD:R_0402_1005Metric</footprint>
      <datasheet>~</datasheet>
      <fields>
        <field name="DESC">RES SMD 30.1K OHM 1% 1/16W 0402</field>
        <field name="Digi-Key PN">311-30.1KLRCT-ND</field>
        <field name="MFG">Yageo</field>
        <field name="MPN">RC0402FR-0730K1L</field>
      </fields>
      <libsource lib="PhoenixGen2-InterfaceBoard-GIGEUSB-rescue" part="R_Small_US-Device-PhoenixGen2-InterfaceBoard-CLNTSCUSB-rescue" description=""/>
      <sheetpath names="/power/" tstamps="/632505A0/"/>
      <tstamp>63278DB5</tstamp>
    </comp>
    <comp ref="L10">
      <value>10uH</value>
      <footprint>footprints:A915AY100MP3</footprint>
      <datasheet>~</datasheet>
      <fields>
        <field name="DESC">FIXED IND 10UH 1.49A 90 MOHM SMD</field>
        <field name="Digi-Key PN">490-16513-1-ND</field>
        <field name="Field4">Mouser</field>
        <field name="MFG">Murata Electronics</field>
        <field name="MPN">#A915AY-100M=P3</field>
      </fields>
      <libsource lib="PhoenixGen2-InterfaceBoard-GIGEUSB-rescue" part="INDUCTOR-pspice-PhoenixGen2-InterfaceBoard-CLNTSCUSB-rescue" description=""/>
      <sheetpath names="/power/" tstamps="/632505A0/"/>
      <tstamp>63278DBB</tstamp>
    </comp>
    <comp ref="L11">
      <value>10uH</value>
      <footprint>footprints:A915AY100MP3</footprint>
      <datasheet>~</datasheet>
      <fields>
        <field name="DESC">FIXED IND 10UH 1.49A 90 MOHM SMD</field>
        <field name="Digi-Key PN">490-16513-1-ND</field>
        <field name="Field4">Mouser</field>
        <field name="MFG">Murata Electronics</field>
        <field name="MPN">#A915AY-100M=P3</field>
      </fields>
      <libsource lib="PhoenixGen2-InterfaceBoard-GIGEUSB-rescue" part="INDUCTOR-pspice-PhoenixGen2-InterfaceBoard-CLNTSCUSB-rescue" description=""/>
      <sheetpath names="/power/" tstamps="/632505A0/"/>
      <tstamp>63278DC1</tstamp>
    </comp>
    <comp ref="D7">
      <value>MBR0520LT1</value>
      <footprint>Diode_SMD:D_SOD-123</footprint>
      <datasheet>~</datasheet>
      <fields>
        <field name="DESC">DIODE SCHOTTKY 20V 500MA SOD123</field>
        <field name="Digi-Key PN">MBR0520LT1GOSCT-ND</field>
        <field name="MFG">ON Semiconductor</field>
        <field name="MPN">MBR0520LT1G</field>
      </fields>
      <libsource lib="PhoenixGen2-InterfaceBoard-GIGEUSB-rescue" part="D_Schottky_ALT-Device-PhoenixGen2-InterfaceBoard-CLNTSCUSB-rescue" description=""/>
      <sheetpath names="/power/" tstamps="/632505A0/"/>
      <tstamp>63278DC7</tstamp>
    </comp>
    <comp ref="R32">
      <value>10K</value>
      <footprint>Resistor_SMD:R_0402_1005Metric</footprint>
      <datasheet>~</datasheet>
      <fields>
        <field name="DESC">RES SMD 10K OHM 1% 1/16W 0402</field>
        <field name="Digi-Key PN">311-10.0KLRCT-ND</field>
        <field name="MFG">Yageo</field>
        <field name="MPN">RC0402FR-0710KL</field>
      </fields>
      <libsource lib="PhoenixGen2-InterfaceBoard-GIGEUSB-rescue" part="R_Small_US-Device-PhoenixGen2-InterfaceBoard-CLNTSCUSB-rescue" description=""/>
      <sheetpath names="/power/" tstamps="/632505A0/"/>
      <tstamp>63278E2C</tstamp>
    </comp>
    <comp ref="L7">
      <value>80 Ohm</value>
      <footprint>Inductor_SMD:L_0402_1005Metric</footprint>
      <datasheet>~</datasheet>
      <fields>
        <field name="DESC">FERRITE BEAD 80 OHM 0402 1LN</field>
        <field name="Digi-Key PN">490-5202-1-ND</field>
        <field name="MFG">Murata Electronics</field>
        <field name="MPN">BLM15PD800SN1D</field>
      </fields>
      <libsource lib="PhoenixGen2-InterfaceBoard-GIGEUSB-rescue" part="Ferrite_Bead-Device-PhoenixGen2-InterfaceBoard-CLNTSCUSB-rescue" description=""/>
      <sheetpath names="/power/" tstamps="/632505A0/"/>
      <tstamp>63278E5F</tstamp>
    </comp>
    <comp ref="C28">
      <value>10uF</value>
      <footprint>Capacitor_SMD:C_0805_2012Metric</footprint>
      <datasheet>~</datasheet>
      <fields>
        <field name="DESC">CAP CER 10UF 25V X5R 0805</field>
        <field name="Digi-Key PN">399-11939-1-ND</field>
        <field name="MFG">KEMET</field>
        <field name="MPN">C0805C106K3PAC7800</field>
      </fields>
      <libsource lib="PhoenixGen2-InterfaceBoard-GIGEUSB-rescue" part="C_Small-Device-PhoenixGen2-InterfaceBoard-CLNTSCUSB-rescue" description=""/>
      <sheetpath names="/power/" tstamps="/632505A0/"/>
      <tstamp>63278E6B</tstamp>
    </comp>
    <comp ref="R18">
      <value>0</value>
      <footprint>Resistor_SMD:R_0603_1608Metric</footprint>
      <datasheet>~</datasheet>
      <fields>
        <field name="DESC">RES SMD 0 OHM JUMPER 1/8W 0603</field>
        <field name="Digi-Key PN">MCT0603-0.0-ZZCT-ND</field>
        <field name="MFG">Vishay Beyschlag</field>
        <field name="MPN">MCT06030Z0000ZP500</field>
      </fields>
      <libsource lib="PhoenixGen2-InterfaceBoard-GIGEUSB-rescue" part="R_Small_US-Device-PhoenixGen2-InterfaceBoard-CLNTSCUSB-rescue" description=""/>
      <sheetpath names="/power/" tstamps="/632505A0/"/>
      <tstamp>63278F04</tstamp>
    </comp>
    <comp ref="C34">
      <value>4.7uF</value>
      <footprint>Capacitor_SMD:C_0805_2012Metric</footprint>
      <datasheet>~</datasheet>
      <fields>
        <field name="DESC">CAP CER 4.7UF 25V X5R 0805</field>
        <field name="Digi-Key PN">490-14644-1-ND</field>
        <field name="MFG">	Murata</field>
        <field name="MPN">GRM219R61E475MA73D</field>
      </fields>
      <libsource lib="PhoenixGen2-InterfaceBoard-GIGEUSB-rescue" part="C_Small-Device-PhoenixGen2-InterfaceBoard-CLNTSCUSB-rescue" description=""/>
      <sheetpath names="/power/" tstamps="/632505A0/"/>
      <tstamp>63278CF2</tstamp>
    </comp>
    <comp ref="C11">
      <value>100uF</value>
      <footprint>Capacitor_SMD:C_1206_3216Metric</footprint>
      <datasheet>~</datasheet>
      <fields>
        <field name="DESC">CAP CER 100UF 6.3V X5R 1206</field>
        <field name="Digi-Key PN">490-13982-1-ND</field>
        <field name="MFG">	Murata</field>
        <field name="MPN">GRM31CR60J107KE39L</field>
      </fields>
      <libsource lib="PhoenixGen2-InterfaceBoard-GIGEUSB-rescue" part="C_Small-Device-PhoenixGen2-InterfaceBoard-CLNTSCUSB-rescue" description=""/>
      <sheetpath names="/connectors/" tstamps="/6324F874/"/>
      <tstamp>634416B3</tstamp>
    </comp>
    <comp ref="C12">
      <value>100uF</value>
      <footprint>Capacitor_SMD:C_1206_3216Metric</footprint>
      <datasheet>~</datasheet>
      <fields>
        <field name="DESC">CAP CER 100UF 6.3V X5R 1206</field>
        <field name="Digi-Key PN">490-13982-1-ND</field>
        <field name="MFG">	Murata</field>
        <field name="MPN">GRM31CR60J107KE39L</field>
      </fields>
      <libsource lib="PhoenixGen2-InterfaceBoard-GIGEUSB-rescue" part="C_Small-Device-PhoenixGen2-InterfaceBoard-CLNTSCUSB-rescue" description=""/>
      <sheetpath names="/connectors/" tstamps="/6324F874/"/>
      <tstamp>634416CA</tstamp>
    </comp>
    <comp ref="C19">
      <value>2.2uF</value>
      <footprint>Capacitor_SMD:C_0603_1608Metric</footprint>
      <datasheet>~</datasheet>
      <fields>
        <field name="DESC">CAP CER 2.2UF 4V X7S 0603</field>
        <field name="Digi-Key PN">445-15615-1-ND</field>
        <field name="MFG">TDK</field>
        <field name="MPN">CGB3B1X7S0G225K055AC</field>
      </fields>
      <libsource lib="PhoenixGen2-InterfaceBoard-GIGEUSB-rescue" part="C_Small-Device-PhoenixGen2-InterfaceBoard-CLNTSCUSB-rescue" description=""/>
      <sheetpath names="/connectors/" tstamps="/6324F874/"/>
      <tstamp>634416E0</tstamp>
    </comp>
    <comp ref="1.8VD1">
      <value>TestPoint</value>
      <footprint>TestPoint:TestPoint_Pad_D1.0mm</footprint>
      <datasheet>~</datasheet>
      <libsource lib="PhoenixGen2-InterfaceBoard-GIGEUSB-rescue" part="TestPoint-Connector-PhoenixGen2-InterfaceBoard-CLNTSCUSB-rescue" description=""/>
      <sheetpath names="/connectors/" tstamps="/6324F874/"/>
      <tstamp>634416F4</tstamp>
    </comp>
    <comp ref="GND1">
      <value>TestPoint</value>
      <footprint>TestPoint:TestPoint_Pad_D1.0mm</footprint>
      <datasheet>~</datasheet>
      <libsource lib="PhoenixGen2-InterfaceBoard-GIGEUSB-rescue" part="TestPoint-Connector-PhoenixGen2-InterfaceBoard-CLNTSCUSB-rescue" description=""/>
      <sheetpath names="/connectors/" tstamps="/6324F874/"/>
      <tstamp>634416FA</tstamp>
    </comp>
    <comp ref="MH2">
      <value>TestPoint</value>
      <footprint>TestPoint:TestPoint_Pad_D1.0mm</footprint>
      <datasheet>~</datasheet>
      <libsource lib="PhoenixGen2-InterfaceBoard-GIGEUSB-rescue" part="TestPoint-Connector-PhoenixGen2-InterfaceBoard-CLNTSCUSB-rescue" description=""/>
      <sheetpath names="/connectors/" tstamps="/6324F874/"/>
      <tstamp>635BDBED</tstamp>
    </comp>
    <comp ref="MH1">
      <value>TestPoint</value>
      <footprint>TestPoint:TestPoint_Pad_D1.0mm</footprint>
      <datasheet>~</datasheet>
      <libsource lib="PhoenixGen2-InterfaceBoard-GIGEUSB-rescue" part="TestPoint-Connector-PhoenixGen2-InterfaceBoard-CLNTSCUSB-rescue" description=""/>
      <sheetpath names="/connectors/" tstamps="/6324F874/"/>
      <tstamp>635BDBF3</tstamp>
    </comp>
    <comp ref="J1">
      <value>SS4-30-3.50-L-D-TR</value>
      <footprint>footprints:SS430350LDKTR</footprint>
      <datasheet>~</datasheet>
      <fields>
        <field name="DESC">CONN SOCKET 60POS SMD GOLD</field>
        <field name="Digi-Key PN">SAM14572CT-ND</field>
        <field name="MFG">Samtec Inc.</field>
        <field name="MPN">SS4-30-3.50-L-D-K-TR</field>
      </fields>
      <libsource lib="PhoenixGen2-InterfaceBoard-GIGEUSB-rescue" part="SS4-30-3.50-L-D-TR-ss4-30-3.50-l-d-tr-PhoenixGen2-InterfaceBoard-CLNTSCUSB-rescue" description=""/>
      <sheetpath names="/connectors/" tstamps="/6324F874/"/>
      <tstamp>6344169B</tstamp>
    </comp>
    <comp ref="SHTR_CLS1">
      <value>TestPoint</value>
      <footprint>TestPoint:TestPoint_Pad_D1.0mm</footprint>
      <datasheet>~</datasheet>
      <libsource lib="PhoenixGen2-InterfaceBoard-GIGEUSB-rescue" part="TestPoint-Connector-PhoenixGen2-InterfaceBoard-CLNTSCUSB-rescue" description=""/>
      <sheetpath names="/connectors/" tstamps="/6324F874/"/>
      <tstamp>5DEE9C7A</tstamp>
    </comp>
    <comp ref="TDO1">
      <value>TestPoint</value>
      <footprint>TestPoint:TestPoint_Pad_D1.0mm</footprint>
      <datasheet>~</datasheet>
      <libsource lib="PhoenixGen2-InterfaceBoard-GIGEUSB-rescue" part="TestPoint-Connector-PhoenixGen2-InterfaceBoard-CLNTSCUSB-rescue" description=""/>
      <sheetpath names="/connectors/" tstamps="/6324F874/"/>
      <tstamp>63441706</tstamp>
    </comp>
    <comp ref="WETST1">
      <value>TestPoint</value>
      <footprint>TestPoint:TestPoint_Pad_D1.0mm</footprint>
      <datasheet>~</datasheet>
      <libsource lib="PhoenixGen2-InterfaceBoard-GIGEUSB-rescue" part="TestPoint-Connector-PhoenixGen2-InterfaceBoard-CLNTSCUSB-rescue" description=""/>
      <sheetpath names="/connectors/" tstamps="/6324F874/"/>
      <tstamp>6344171E</tstamp>
    </comp>
    <comp ref="TMS1">
      <value>TestPoint</value>
      <footprint>TestPoint:TestPoint_Pad_D1.0mm</footprint>
      <datasheet>~</datasheet>
      <libsource lib="PhoenixGen2-InterfaceBoard-GIGEUSB-rescue" part="TestPoint-Connector-PhoenixGen2-InterfaceBoard-CLNTSCUSB-rescue" description=""/>
      <sheetpath names="/connectors/" tstamps="/6324F874/"/>
      <tstamp>63441718</tstamp>
    </comp>
    <comp ref="TMS0">
      <value>TestPoint</value>
      <footprint>TestPoint:TestPoint_Pad_D1.0mm</footprint>
      <datasheet>~</datasheet>
      <libsource lib="PhoenixGen2-InterfaceBoard-GIGEUSB-rescue" part="TestPoint-Connector-PhoenixGen2-InterfaceBoard-CLNTSCUSB-rescue" description=""/>
      <sheetpath names="/connectors/" tstamps="/6324F874/"/>
      <tstamp>63441712</tstamp>
    </comp>
    <comp ref="TDI1">
      <value>TestPoint</value>
      <footprint>TestPoint:TestPoint_Pad_D1.0mm</footprint>
      <datasheet>~</datasheet>
      <libsource lib="PhoenixGen2-InterfaceBoard-GIGEUSB-rescue" part="TestPoint-Connector-PhoenixGen2-InterfaceBoard-CLNTSCUSB-rescue" description=""/>
      <sheetpath names="/connectors/" tstamps="/6324F874/"/>
      <tstamp>6344170C</tstamp>
    </comp>
    <comp ref="R1">
      <value>330</value>
      <datasheet>~</datasheet>
      <libsource lib="Device" part="R_Small_US" description="Resistor, small US symbol"/>
      <sheetpath names="/connectors/" tstamps="/6324F874/"/>
      <tstamp>5E79BC48</tstamp>
    </comp>
    <comp ref="J4">
      <value>LSHM-150-04.0-L-DV-A-N-TR</value>
      <datasheet>~</datasheet>
      <libsource lib="Connector_Generic_Shielded" part="LSHM-150-04.0-L-DV-A-N-TR" description="Generic shielded connector, double row, 59 pins, odd/even pin numbering scheme (row 1 odd numbers, row 2 even numbers), script generated (kicad-library-utils/schlib/autogen/connector/)"/>
      <sheetpath names="/connectors/" tstamps="/6324F874/"/>
      <tstamp>5DF345A6</tstamp>
    </comp>
    <comp ref="C1">
      <value>0.1uF</value>
      <footprint>Capacitor_SMD:C_0603_1608Metric</footprint>
      <datasheet>~</datasheet>
      <fields>
        <field name="DESC">CAP CER 2.2UF 4V X7S 0603</field>
        <field name="Digi-Key PN">445-15615-1-ND</field>
        <field name="MFG">TDK</field>
        <field name="MPN">CGB3B1X7S0G225K055AC</field>
      </fields>
      <libsource lib="PhoenixGen2-InterfaceBoard-GIGEUSB-rescue" part="C_Small-Device-PhoenixGen2-InterfaceBoard-CLNTSCUSB-rescue" description=""/>
      <sheetpath names="/connectors/" tstamps="/6324F874/"/>
      <tstamp>5E790DAA</tstamp>
    </comp>
    <comp ref="J3">
      <value>046288010000846+</value>
      <datasheet>~</datasheet>
      <libsource lib="Connector_Generic" part="046288010000846+" description="Generic connector, single row, 01x18, script generated (kicad-library-utils/schlib/autogen/connector/)"/>
      <sheetpath names="/connectors/" tstamps="/6324F874/"/>
      <tstamp>5DE82584</tstamp>
    </comp>
    <comp ref="D11">
      <value>PGB2010402KRHF</value>
      <footprint>Diode_SMD:D_0402_1005Metric</footprint>
      <datasheet>~</datasheet>
      <fields>
        <field name="DESC">TVS DIODE 12V 40V 0402</field>
        <field name="Digi-Key PN">F3268CT-ND</field>
        <field name="MFG">Littelfuse Inc.</field>
        <field name="MPN">PGB2010402KRHF</field>
      </fields>
      <libsource lib="PhoenixGen2-InterfaceBoard-GIGEUSB-rescue" part="D_TVS_ALT-Device-PhoenixGen2-InterfaceBoard-CLNTSCUSB-rescue" description=""/>
      <sheetpath names="/connectors/" tstamps="/6324F874/"/>
      <tstamp>6344179F</tstamp>
    </comp>
    <comp ref="D8">
      <value>PGB2010402KRHF</value>
      <footprint>Diode_SMD:D_0402_1005Metric</footprint>
      <datasheet>~</datasheet>
      <fields>
        <field name="DESC">TVS DIODE 12V 40V 0402</field>
        <field name="Digi-Key PN">F3268CT-ND</field>
        <field name="MFG">Littelfuse Inc.</field>
        <field name="MPN">PGB2010402KRHF</field>
      </fields>
      <libsource lib="PhoenixGen2-InterfaceBoard-GIGEUSB-rescue" part="D_TVS_ALT-Device-PhoenixGen2-InterfaceBoard-CLNTSCUSB-rescue" description=""/>
      <sheetpath names="/connectors/" tstamps="/6324F874/"/>
      <tstamp>63441799</tstamp>
    </comp>
    <comp ref="D10">
      <value>PGB2010402KRHF</value>
      <footprint>Diode_SMD:D_0402_1005Metric</footprint>
      <datasheet>~</datasheet>
      <fields>
        <field name="DESC">TVS DIODE 12V 40V 0402</field>
        <field name="Digi-Key PN">F3268CT-ND</field>
        <field name="MFG">Littelfuse Inc.</field>
        <field name="MPN">PGB2010402KRHF</field>
      </fields>
      <libsource lib="PhoenixGen2-InterfaceBoard-GIGEUSB-rescue" part="D_TVS_ALT-Device-PhoenixGen2-InterfaceBoard-CLNTSCUSB-rescue" description=""/>
      <sheetpath names="/connectors/" tstamps="/6324F874/"/>
      <tstamp>6344178D</tstamp>
    </comp>
    <comp ref="C2">
      <value>0.01uF</value>
      <footprint>Capacitor_SMD:C_0603_1608Metric</footprint>
      <datasheet>~</datasheet>
      <fields>
        <field name="DESC">CAP CER 2.2UF 4V X7S 0603</field>
        <field name="Digi-Key PN">445-15615-1-ND</field>
        <field name="MFG">TDK</field>
        <field name="MPN">CGB3B1X7S0G225K055AC</field>
      </fields>
      <libsource lib="PhoenixGen2-InterfaceBoard-GIGEUSB-rescue" part="C_Small-Device-PhoenixGen2-InterfaceBoard-CLNTSCUSB-rescue" description=""/>
      <sheetpath names="/connectors/" tstamps="/6324F874/"/>
      <tstamp>5E32CE4D</tstamp>
    </comp>
    <comp ref="J2">
      <value>SMH-102-02-L-S</value>
      <datasheet>~</datasheet>
      <libsource lib="PhoenixGen2-InterfaceBoard-GIGEUSB-rescue" part="SMH-102-02-L-S-vis_lib" description=""/>
      <sheetpath names="/connectors/" tstamps="/6324F874/"/>
      <tstamp>5E0A0EA1</tstamp>
    </comp>
    <comp ref="R10">
      <value>10K</value>
      <footprint>Resistor_SMD:R_0402_1005Metric</footprint>
      <datasheet>~</datasheet>
      <fields>
        <field name="DESC">RES SMD 10K OHM 1% 1/16W 0402</field>
        <field name="Digi-Key PN">311-10.0KLRCT-ND</field>
        <field name="MFG">Yageo</field>
        <field name="MPN">RC0402FR-0710KL</field>
      </fields>
      <libsource lib="PhoenixGen2-InterfaceBoard-GIGEUSB-rescue" part="R_Small_US-Device-PhoenixGen2-InterfaceBoard-CLNTSCUSB-rescue" description=""/>
      <sheetpath names="/video_comms/" tstamps="/63201CD0/"/>
      <tstamp>6341311A</tstamp>
    </comp>
    <comp ref="R6">
      <value>4.7K</value>
      <footprint>Resistor_SMD:R_0402_1005Metric</footprint>
      <datasheet>~</datasheet>
      <fields>
        <field name="DESC">RES SMD 4.7K OHM 1% 1/16W 0402</field>
        <field name="Digi-Key PN">311-4.7KLRCT-ND</field>
        <field name="MFG">Yageo</field>
        <field name="MPN">RC0402FR-074K7L</field>
      </fields>
      <libsource lib="PhoenixGen2-InterfaceBoard-GIGEUSB-rescue" part="R_Small_US-Device-PhoenixGen2-InterfaceBoard-CLNTSCUSB-rescue" description=""/>
      <sheetpath names="/video_comms/" tstamps="/63201CD0/"/>
      <tstamp>63413120</tstamp>
    </comp>
    <comp ref="C10">
      <value>0.1uF</value>
      <footprint>Capacitor_SMD:C_0402_1005Metric</footprint>
      <datasheet>~</datasheet>
      <fields>
        <field name="DESC">CAP CER 0.1UF 6.3V X5R 0402</field>
        <field name="Digi-Key PN">311-3818-1-ND</field>
        <field name="MFG">Yageo</field>
        <field name="MPN">CC0402MRX5R5BB104</field>
      </fields>
      <libsource lib="PhoenixGen2-InterfaceBoard-GIGEUSB-rescue" part="C_Small-Device-PhoenixGen2-InterfaceBoard-CLNTSCUSB-rescue" description=""/>
      <sheetpath names="/video_comms/" tstamps="/63201CD0/"/>
      <tstamp>6341335D</tstamp>
    </comp>
    <comp ref="R33">
      <value>0</value>
      <footprint>Resistor_SMD:R_0603_1608Metric</footprint>
      <datasheet>~</datasheet>
      <fields>
        <field name="DESC">RES SMD 0 OHM JUMPER 1/8W 0603</field>
        <field name="Digi-Key PN">MCT0603-0.0-ZZCT-ND</field>
        <field name="MFG">Vishay Beyschlag</field>
        <field name="MPN">MCT06030Z0000ZP500</field>
      </fields>
      <libsource lib="PhoenixGen2-InterfaceBoard-GIGEUSB-rescue" part="R_Small_US-Device-PhoenixGen2-InterfaceBoard-CLNTSCUSB-rescue" description=""/>
      <sheetpath names="/video_comms/" tstamps="/63201CD0/"/>
      <tstamp>6341333F</tstamp>
    </comp>
    <comp ref="R5">
      <value>10K</value>
      <footprint>Resistor_SMD:R_0402_1005Metric</footprint>
      <datasheet>~</datasheet>
      <fields>
        <field name="DESC">RES SMD 10K OHM 1% 1/16W 0402</field>
        <field name="Digi-Key PN">311-10.0KLRCT-ND</field>
        <field name="MFG">Yageo</field>
        <field name="MPN">RC0402FR-0710KL</field>
      </fields>
      <libsource lib="PhoenixGen2-InterfaceBoard-GIGEUSB-rescue" part="R_Small_US-Device-PhoenixGen2-InterfaceBoard-CLNTSCUSB-rescue" description=""/>
      <sheetpath names="/video_comms/" tstamps="/63201CD0/"/>
      <tstamp>63413149</tstamp>
    </comp>
    <comp ref="U2">
      <value>FT232RQ(QFN-32)</value>
      <footprint>Package_DFN_QFN:QFN-32-1EP_5x5mm_P0.5mm_EP3.1x3.1mm</footprint>
      <fields>
        <field name="DESC">IC USB FS SERIAL UART 32-QFN</field>
        <field name="Digi-Key PN">768-1008-1-ND</field>
        <field name="Field4">FTDI, Future</field>
        <field name="Field5">Unavailable</field>
        <field name="Field6">None</field>
        <field name="Field7">FT232RQ</field>
        <field name="Field8">VFQFN-32 FTDI, Future</field>
        <field name="MFG">FTDI</field>
        <field name="MPN">FT232RQ-REEL</field>
      </fields>
      <libsource lib="PhoenixGen2-InterfaceBoard-GIGEUSB-rescue" part="FT232RQ(QFN-32)-ft232rq(qfn-32)-PhoenixGen2-InterfaceBoard-CLNTSCUSB-rescue" description=""/>
      <sheetpath names="/video_comms/" tstamps="/63201CD0/"/>
      <tstamp>63FF5F80</tstamp>
    </comp>
    <comp ref="R3">
      <value>0</value>
      <footprint>Resistor_SMD:R_0603_1608Metric</footprint>
      <datasheet>~</datasheet>
      <fields>
        <field name="DESC">RES SMD 0 OHM JUMPER 1/8W 0603</field>
        <field name="Digi-Key PN">MCT0603-0.0-ZZCT-ND</field>
        <field name="MFG">Vishay Beyschlag</field>
        <field name="MPN">MCT06030Z0000ZP500</field>
      </fields>
      <libsource lib="PhoenixGen2-InterfaceBoard-GIGEUSB-rescue" part="R_Small_US-Device-PhoenixGen2-InterfaceBoard-CLNTSCUSB-rescue" description=""/>
      <sheetpath names="/video_comms/" tstamps="/63201CD0/"/>
      <tstamp>5DD6CF2B</tstamp>
    </comp>
    <comp ref="C4">
      <value>1uF</value>
      <footprint>Capacitor_SMD:C_0402_1005Metric</footprint>
      <datasheet>~</datasheet>
      <fields>
        <field name="DESC">CAP CER 1UF 10V X5R 0402</field>
        <field name="Digi-Key PN">311-1439-1-ND</field>
        <field name="MFG">Yageo</field>
        <field name="MPN">CC0402KRX5R6BB105</field>
      </fields>
      <libsource lib="PhoenixGen2-InterfaceBoard-GIGEUSB-rescue" part="C_Small-Device-PhoenixGen2-InterfaceBoard-CLNTSCUSB-rescue" description=""/>
      <sheetpath names="/video_comms/" tstamps="/63201CD0/"/>
      <tstamp>63413334</tstamp>
    </comp>
    <comp ref="C5">
      <value>0.1uF</value>
      <footprint>Capacitor_SMD:C_0402_1005Metric</footprint>
      <datasheet>~</datasheet>
      <fields>
        <field name="DESC">CAP CER 0.1UF 6.3V X5R 0402</field>
        <field name="Digi-Key PN">311-3818-1-ND</field>
        <field name="MFG">Yageo</field>
        <field name="MPN">CC0402MRX5R5BB104</field>
      </fields>
      <libsource lib="PhoenixGen2-InterfaceBoard-GIGEUSB-rescue" part="C_Small-Device-PhoenixGen2-InterfaceBoard-CLNTSCUSB-rescue" description=""/>
      <sheetpath names="/video_comms/" tstamps="/63201CD0/"/>
      <tstamp>6341332E</tstamp>
    </comp>
    <comp ref="C6">
      <value>1uF</value>
      <footprint>Capacitor_SMD:C_0402_1005Metric</footprint>
      <datasheet>~</datasheet>
      <fields>
        <field name="DESC">CAP CER 1UF 10V X5R 0402</field>
        <field name="Digi-Key PN">311-1439-1-ND</field>
        <field name="MFG">Yageo</field>
        <field name="MPN">CC0402KRX5R6BB105</field>
      </fields>
      <libsource lib="PhoenixGen2-InterfaceBoard-GIGEUSB-rescue" part="C_Small-Device-PhoenixGen2-InterfaceBoard-CLNTSCUSB-rescue" description=""/>
      <sheetpath names="/video_comms/" tstamps="/63201CD0/"/>
      <tstamp>63413105</tstamp>
    </comp>
    <comp ref="L2">
      <value>80 Ohm</value>
      <footprint>Inductor_SMD:L_0402_1005Metric</footprint>
      <datasheet>~</datasheet>
      <fields>
        <field name="DESC">FERRITE BEAD 80 OHM 0402 1LN</field>
        <field name="Digi-Key PN">490-5202-1-ND</field>
        <field name="MFG">Murata Electronics</field>
        <field name="MPN">BLM15PD800SN1D</field>
      </fields>
      <libsource lib="PhoenixGen2-InterfaceBoard-GIGEUSB-rescue" part="Ferrite_Bead-Device-PhoenixGen2-InterfaceBoard-CLNTSCUSB-rescue" description=""/>
      <sheetpath names="/video_comms/" tstamps="/63201CD0/"/>
      <tstamp>6341312E</tstamp>
    </comp>
    <comp ref="C9">
      <value>0.1uF</value>
      <footprint>Capacitor_SMD:C_0402_1005Metric</footprint>
      <datasheet>~</datasheet>
      <fields>
        <field name="DESC">CAP CER 0.1UF 6.3V X5R 0402</field>
        <field name="Digi-Key PN">311-3818-1-ND</field>
        <field name="MFG">Yageo</field>
        <field name="MPN">CC0402MRX5R5BB104</field>
      </fields>
      <libsource lib="PhoenixGen2-InterfaceBoard-GIGEUSB-rescue" part="C_Small-Device-PhoenixGen2-InterfaceBoard-CLNTSCUSB-rescue" description=""/>
      <sheetpath names="/video_comms/" tstamps="/63201CD0/"/>
      <tstamp>63413137</tstamp>
    </comp>
    <comp ref="R2">
      <value>0</value>
      <footprint>Resistor_SMD:R_0603_1608Metric</footprint>
      <datasheet>~</datasheet>
      <fields>
        <field name="DESC">RES SMD 0 OHM JUMPER 1/8W 0603</field>
        <field name="Digi-Key PN">MCT0603-0.0-ZZCT-ND</field>
        <field name="MFG">Vishay Beyschlag</field>
        <field name="MPN">MCT06030Z0000ZP500</field>
      </fields>
      <libsource lib="PhoenixGen2-InterfaceBoard-GIGEUSB-rescue" part="R_Small_US-Device-PhoenixGen2-InterfaceBoard-CLNTSCUSB-rescue" description=""/>
      <sheetpath names="/video_comms/" tstamps="/63201CD0/"/>
      <tstamp>5DD6EF73</tstamp>
    </comp>
    <comp ref="SW1">
      <value>A6S-4101-H</value>
      <datasheet>~</datasheet>
      <libsource lib="PhoenixGen2-InterfaceBoard-GIGEUSB-rescue" part="A6S-4101-H-vis_lib" description=""/>
      <sheetpath names="/video_comms/" tstamps="/63201CD0/"/>
      <tstamp>5DDEF476</tstamp>
    </comp>
    <comp ref="IC1">
      <value>NLSX5014MUTAG</value>
      <footprint>NLSV4T244MUTAG</footprint>
      <datasheet>https://componentsearchengine.com/Datasheets/1/NLSX5014MUTAG.pdf</datasheet>
      <fields>
        <field name="Description">ON SEMICONDUCTOR - NLSX5014MUTAG - BIDIR LEVEL TRANSLATOR, 4-BIT, UQFN-12</field>
        <field name="Height">0</field>
        <field name="Manufacturer_Name">ON Semiconductor</field>
        <field name="Manufacturer_Part_Number">NLSX5014MUTAG</field>
        <field name="Mouser Part Number">863-NLSX5014MUTAG</field>
        <field name="Mouser Price/Stock">https://www.mouser.com/Search/Refine.aspx?Keyword=863-NLSX5014MUTAG</field>
      </fields>
      <libsource lib="SamacSys_Parts" part="NLSX5014MUTAG" description="ON SEMICONDUCTOR - NLSX5014MUTAG - BIDIR LEVEL TRANSLATOR, 4-BIT, UQFN-12"/>
      <sheetpath names="/voltage_translation/" tstamps="/5E549AE1/"/>
      <tstamp>5E567B72</tstamp>
    </comp>
    <comp ref="C3">
      <value>0.1uF</value>
      <footprint>Capacitor_SMD:C_0402_1005Metric</footprint>
      <datasheet>~</datasheet>
      <fields>
        <field name="DESC">CAP CER 0.1UF 6.3V X5R 0402</field>
        <field name="Digi-Key PN">311-3818-1-ND</field>
        <field name="MFG">Yageo</field>
        <field name="MPN">CC0402MRX5R5BB104</field>
      </fields>
      <libsource lib="PhoenixGen2-InterfaceBoard-GIGEUSB-rescue" part="C_Small-Device-PhoenixGen2-InterfaceBoard-CLNTSCUSB-rescue" description=""/>
      <sheetpath names="/voltage_translation/" tstamps="/5E549AE1/"/>
      <tstamp>5E567BD1</tstamp>
    </comp>
    <comp ref="C13">
      <value>0.1uF</value>
      <footprint>Capacitor_SMD:C_0402_1005Metric</footprint>
      <datasheet>~</datasheet>
      <fields>
        <field name="DESC">CAP CER 0.1UF 6.3V X5R 0402</field>
        <field name="Digi-Key PN">311-3818-1-ND</field>
        <field name="MFG">Yageo</field>
        <field name="MPN">CC0402MRX5R5BB104</field>
      </fields>
      <libsource lib="PhoenixGen2-InterfaceBoard-GIGEUSB-rescue" part="C_Small-Device-PhoenixGen2-InterfaceBoard-CLNTSCUSB-rescue" description=""/>
      <sheetpath names="/voltage_translation/" tstamps="/5E549AE1/"/>
      <tstamp>5E567BF3</tstamp>
    </comp>
    <comp ref="IC2">
      <value>NLSX5014MUTAG</value>
      <footprint>NLSV4T244MUTAG</footprint>
      <datasheet>https://componentsearchengine.com/Datasheets/1/NLSX5014MUTAG.pdf</datasheet>
      <fields>
        <field name="Description">ON SEMICONDUCTOR - NLSX5014MUTAG - BIDIR LEVEL TRANSLATOR, 4-BIT, UQFN-12</field>
        <field name="Height">0</field>
        <field name="Manufacturer_Name">ON Semiconductor</field>
        <field name="Manufacturer_Part_Number">NLSX5014MUTAG</field>
        <field name="Mouser Part Number">863-NLSX5014MUTAG</field>
        <field name="Mouser Price/Stock">https://www.mouser.com/Search/Refine.aspx?Keyword=863-NLSX5014MUTAG</field>
      </fields>
      <libsource lib="SamacSys_Parts" part="NLSX5014MUTAG" description="ON SEMICONDUCTOR - NLSX5014MUTAG - BIDIR LEVEL TRANSLATOR, 4-BIT, UQFN-12"/>
      <sheetpath names="/voltage_translation/" tstamps="/5E549AE1/"/>
      <tstamp>5E567C07</tstamp>
    </comp>
    <comp ref="C7">
      <value>0.1uF</value>
      <footprint>Capacitor_SMD:C_0402_1005Metric</footprint>
      <datasheet>~</datasheet>
      <fields>
        <field name="DESC">CAP CER 0.1UF 6.3V X5R 0402</field>
        <field name="Digi-Key PN">311-3818-1-ND</field>
        <field name="MFG">Yageo</field>
        <field name="MPN">CC0402MRX5R5BB104</field>
      </fields>
      <libsource lib="PhoenixGen2-InterfaceBoard-GIGEUSB-rescue" part="C_Small-Device-PhoenixGen2-InterfaceBoard-CLNTSCUSB-rescue" description=""/>
      <sheetpath names="/voltage_translation/" tstamps="/5E549AE1/"/>
      <tstamp>5E567C23</tstamp>
    </comp>
    <comp ref="C14">
      <value>0.1uF</value>
      <footprint>Capacitor_SMD:C_0402_1005Metric</footprint>
      <datasheet>~</datasheet>
      <fields>
        <field name="DESC">CAP CER 0.1UF 6.3V X5R 0402</field>
        <field name="Digi-Key PN">311-3818-1-ND</field>
        <field name="MFG">Yageo</field>
        <field name="MPN">CC0402MRX5R5BB104</field>
      </fields>
      <libsource lib="PhoenixGen2-InterfaceBoard-GIGEUSB-rescue" part="C_Small-Device-PhoenixGen2-InterfaceBoard-CLNTSCUSB-rescue" description=""/>
      <sheetpath names="/voltage_translation/" tstamps="/5E549AE1/"/>
      <tstamp>5E567C45</tstamp>
    </comp>
    <comp ref="C15">
      <value>0.1uF</value>
      <footprint>Capacitor_SMD:C_0402_1005Metric</footprint>
      <datasheet>~</datasheet>
      <fields>
        <field name="DESC">CAP CER 0.1UF 6.3V X5R 0402</field>
        <field name="Digi-Key PN">311-3818-1-ND</field>
        <field name="MFG">Yageo</field>
        <field name="MPN">CC0402MRX5R5BB104</field>
      </fields>
      <libsource lib="PhoenixGen2-InterfaceBoard-GIGEUSB-rescue" part="C_Small-Device-PhoenixGen2-InterfaceBoard-CLNTSCUSB-rescue" description=""/>
      <sheetpath names="/voltage_translation/" tstamps="/5E549AE1/"/>
      <tstamp>5E567C7E</tstamp>
    </comp>
    <comp ref="C8">
      <value>0.1uF</value>
      <footprint>Capacitor_SMD:C_0402_1005Metric</footprint>
      <datasheet>~</datasheet>
      <fields>
        <field name="DESC">CAP CER 0.1UF 6.3V X5R 0402</field>
        <field name="Digi-Key PN">311-3818-1-ND</field>
        <field name="MFG">Yageo</field>
        <field name="MPN">CC0402MRX5R5BB104</field>
      </fields>
      <libsource lib="PhoenixGen2-InterfaceBoard-GIGEUSB-rescue" part="C_Small-Device-PhoenixGen2-InterfaceBoard-CLNTSCUSB-rescue" description=""/>
      <sheetpath names="/voltage_translation/" tstamps="/5E549AE1/"/>
      <tstamp>5E567C97</tstamp>
    </comp>
    <comp ref="IC3">
      <value>NLSX5014MUTAG</value>
      <footprint>NLSV4T244MUTAG</footprint>
      <datasheet>https://componentsearchengine.com/Datasheets/1/NLSX5014MUTAG.pdf</datasheet>
      <fields>
        <field name="Description">ON SEMICONDUCTOR - NLSX5014MUTAG - BIDIR LEVEL TRANSLATOR, 4-BIT, UQFN-12</field>
        <field name="Height">0</field>
        <field name="Manufacturer_Name">ON Semiconductor</field>
        <field name="Manufacturer_Part_Number">NLSX5014MUTAG</field>
        <field name="Mouser Part Number">863-NLSX5014MUTAG</field>
        <field name="Mouser Price/Stock">https://www.mouser.com/Search/Refine.aspx?Keyword=863-NLSX5014MUTAG</field>
      </fields>
      <libsource lib="SamacSys_Parts" part="NLSX5014MUTAG" description="ON SEMICONDUCTOR - NLSX5014MUTAG - BIDIR LEVEL TRANSLATOR, 4-BIT, UQFN-12"/>
      <sheetpath names="/voltage_translation/" tstamps="/5E549AE1/"/>
      <tstamp>5E567CAD</tstamp>
    </comp>
    <comp ref="IC4">
      <value>NLSX5014MUTAG</value>
      <footprint>NLSV4T244MUTAG</footprint>
      <datasheet>https://componentsearchengine.com/Datasheets/1/NLSX5014MUTAG.pdf</datasheet>
      <fields>
        <field name="Description">ON SEMICONDUCTOR - NLSX5014MUTAG - BIDIR LEVEL TRANSLATOR, 4-BIT, UQFN-12</field>
        <field name="Height">0</field>
        <field name="Manufacturer_Name">ON Semiconductor</field>
        <field name="Manufacturer_Part_Number">NLSX5014MUTAG</field>
        <field name="Mouser Part Number">863-NLSX5014MUTAG</field>
        <field name="Mouser Price/Stock">https://www.mouser.com/Search/Refine.aspx?Keyword=863-NLSX5014MUTAG</field>
      </fields>
      <libsource lib="SamacSys_Parts" part="NLSX5014MUTAG" description="ON SEMICONDUCTOR - NLSX5014MUTAG - BIDIR LEVEL TRANSLATOR, 4-BIT, UQFN-12"/>
      <sheetpath names="/voltage_translation/" tstamps="/5E549AE1/"/>
      <tstamp>5E567CB9</tstamp>
    </comp>
    <comp ref="C16">
      <value>0.1uF</value>
      <footprint>Capacitor_SMD:C_0402_1005Metric</footprint>
      <datasheet>~</datasheet>
      <fields>
        <field name="DESC">CAP CER 0.1UF 6.3V X5R 0402</field>
        <field name="Digi-Key PN">311-3818-1-ND</field>
        <field name="MFG">Yageo</field>
        <field name="MPN">CC0402MRX5R5BB104</field>
      </fields>
      <libsource lib="PhoenixGen2-InterfaceBoard-GIGEUSB-rescue" part="C_Small-Device-PhoenixGen2-InterfaceBoard-CLNTSCUSB-rescue" description=""/>
      <sheetpath names="/voltage_translation/" tstamps="/5E549AE1/"/>
      <tstamp>5E567CE3</tstamp>
    </comp>
    <comp ref="C18">
      <value>0.1uF</value>
      <footprint>Capacitor_SMD:C_0402_1005Metric</footprint>
      <datasheet>~</datasheet>
      <fields>
        <field name="DESC">CAP CER 0.1UF 6.3V X5R 0402</field>
        <field name="Digi-Key PN">311-3818-1-ND</field>
        <field name="MFG">Yageo</field>
        <field name="MPN">CC0402MRX5R5BB104</field>
      </fields>
      <libsource lib="PhoenixGen2-InterfaceBoard-GIGEUSB-rescue" part="C_Small-Device-PhoenixGen2-InterfaceBoard-CLNTSCUSB-rescue" description=""/>
      <sheetpath names="/voltage_translation/" tstamps="/5E549AE1/"/>
      <tstamp>5E567D05</tstamp>
    </comp>
    <comp ref="IC5">
      <value>NLSX5014MUTAG</value>
      <footprint>NLSV4T244MUTAG</footprint>
      <datasheet>https://componentsearchengine.com/Datasheets/1/NLSX5014MUTAG.pdf</datasheet>
      <fields>
        <field name="Description">ON SEMICONDUCTOR - NLSX5014MUTAG - BIDIR LEVEL TRANSLATOR, 4-BIT, UQFN-12</field>
        <field name="Height">0</field>
        <field name="Manufacturer_Name">ON Semiconductor</field>
        <field name="Manufacturer_Part_Number">NLSX5014MUTAG</field>
        <field name="Mouser Part Number">863-NLSX5014MUTAG</field>
        <field name="Mouser Price/Stock">https://www.mouser.com/Search/Refine.aspx?Keyword=863-NLSX5014MUTAG</field>
      </fields>
      <libsource lib="SamacSys_Parts" part="NLSX5014MUTAG" description="ON SEMICONDUCTOR - NLSX5014MUTAG - BIDIR LEVEL TRANSLATOR, 4-BIT, UQFN-12"/>
      <sheetpath names="/voltage_translation/" tstamps="/5E549AE1/"/>
      <tstamp>5E567D19</tstamp>
    </comp>
    <comp ref="C17">
      <value>0.1uF</value>
      <footprint>Capacitor_SMD:C_0402_1005Metric</footprint>
      <datasheet>~</datasheet>
      <fields>
        <field name="DESC">CAP CER 0.1UF 6.3V X5R 0402</field>
        <field name="Digi-Key PN">311-3818-1-ND</field>
        <field name="MFG">Yageo</field>
        <field name="MPN">CC0402MRX5R5BB104</field>
      </fields>
      <libsource lib="PhoenixGen2-InterfaceBoard-GIGEUSB-rescue" part="C_Small-Device-PhoenixGen2-InterfaceBoard-CLNTSCUSB-rescue" description=""/>
      <sheetpath names="/voltage_translation/" tstamps="/5E549AE1/"/>
      <tstamp>5E567D43</tstamp>
    </comp>
    <comp ref="C20">
      <value>0.1uF</value>
      <footprint>Capacitor_SMD:C_0402_1005Metric</footprint>
      <datasheet>~</datasheet>
      <fields>
        <field name="DESC">CAP CER 0.1UF 6.3V X5R 0402</field>
        <field name="Digi-Key PN">311-3818-1-ND</field>
        <field name="MFG">Yageo</field>
        <field name="MPN">CC0402MRX5R5BB104</field>
      </fields>
      <libsource lib="PhoenixGen2-InterfaceBoard-GIGEUSB-rescue" part="C_Small-Device-PhoenixGen2-InterfaceBoard-CLNTSCUSB-rescue" description=""/>
      <sheetpath names="/voltage_translation/" tstamps="/5E549AE1/"/>
      <tstamp>5E567D65</tstamp>
    </comp>
    <comp ref="C24">
      <value>0.1uF</value>
      <footprint>Capacitor_SMD:C_0402_1005Metric</footprint>
      <datasheet>~</datasheet>
      <fields>
        <field name="DESC">CAP CER 0.1UF 6.3V X5R 0402</field>
        <field name="Digi-Key PN">311-3818-1-ND</field>
        <field name="MFG">Yageo</field>
        <field name="MPN">CC0402MRX5R5BB104</field>
      </fields>
      <libsource lib="PhoenixGen2-InterfaceBoard-GIGEUSB-rescue" part="C_Small-Device-PhoenixGen2-InterfaceBoard-CLNTSCUSB-rescue" description=""/>
      <sheetpath names="/voltage_translation/" tstamps="/5E549AE1/"/>
      <tstamp>5E567AD4</tstamp>
    </comp>
    <comp ref="C22">
      <value>0.1uF</value>
      <footprint>Capacitor_SMD:C_0402_1005Metric</footprint>
      <datasheet>~</datasheet>
      <fields>
        <field name="DESC">CAP CER 0.1UF 6.3V X5R 0402</field>
        <field name="Digi-Key PN">311-3818-1-ND</field>
        <field name="MFG">Yageo</field>
        <field name="MPN">CC0402MRX5R5BB104</field>
      </fields>
      <libsource lib="PhoenixGen2-InterfaceBoard-GIGEUSB-rescue" part="C_Small-Device-PhoenixGen2-InterfaceBoard-CLNTSCUSB-rescue" description=""/>
      <sheetpath names="/voltage_translation/" tstamps="/5E549AE1/"/>
      <tstamp>5E567AF5</tstamp>
    </comp>
    <comp ref="C21">
      <value>0.1uF</value>
      <footprint>Capacitor_SMD:C_0402_1005Metric</footprint>
      <datasheet>~</datasheet>
      <fields>
        <field name="DESC">CAP CER 0.1UF 6.3V X5R 0402</field>
        <field name="Digi-Key PN">311-3818-1-ND</field>
        <field name="MFG">Yageo</field>
        <field name="MPN">CC0402MRX5R5BB104</field>
      </fields>
      <libsource lib="PhoenixGen2-InterfaceBoard-GIGEUSB-rescue" part="C_Small-Device-PhoenixGen2-InterfaceBoard-CLNTSCUSB-rescue" description=""/>
      <sheetpath names="/voltage_translation/" tstamps="/5E549AE1/"/>
      <tstamp>5E567B34</tstamp>
    </comp>
    <comp ref="C23">
      <value>0.1uF</value>
      <footprint>Capacitor_SMD:C_0402_1005Metric</footprint>
      <datasheet>~</datasheet>
      <fields>
        <field name="DESC">CAP CER 0.1UF 6.3V X5R 0402</field>
        <field name="Digi-Key PN">311-3818-1-ND</field>
        <field name="MFG">Yageo</field>
        <field name="MPN">CC0402MRX5R5BB104</field>
      </fields>
      <libsource lib="PhoenixGen2-InterfaceBoard-GIGEUSB-rescue" part="C_Small-Device-PhoenixGen2-InterfaceBoard-CLNTSCUSB-rescue" description=""/>
      <sheetpath names="/voltage_translation/" tstamps="/5E549AE1/"/>
      <tstamp>5E567B43</tstamp>
    </comp>
    <comp ref="IC6">
      <value>FXLP34P5X</value>
      <footprint>SOT65P210X110-5N</footprint>
      <datasheet>https://www.onsemi.com/pub/Collateral/FXLP34-D.pdf</datasheet>
      <fields>
        <field name="Description">ON SEMICONDUCTOR - FXLP34P5X - IC, UNI-DIRECTIONAL TRANSL.</field>
        <field name="Height">1.1</field>
        <field name="Manufacturer_Name">ON Semiconductor</field>
        <field name="Manufacturer_Part_Number">FXLP34P5X</field>
        <field name="Mouser Part Number">512-FXLP34P5X</field>
        <field name="Mouser Price/Stock">https://www.mouser.com/Search/Refine.aspx?Keyword=512-FXLP34P5X</field>
        <field name="RS Part Number">6709722P</field>
        <field name="RS Price/Stock">http://uk.rs-online.com/web/p/products/6709722P</field>
      </fields>
      <libsource lib="SamacSys_Parts" part="FXLP34P5X" description="ON SEMICONDUCTOR - FXLP34P5X - IC, UNI-DIRECTIONAL TRANSL."/>
      <sheetpath names="/voltage_translation/" tstamps="/5E549AE1/"/>
      <tstamp>5E567B80</tstamp>
    </comp>
    <comp ref="IC7">
      <value>FXLP34P5X</value>
      <footprint>SOT65P210X110-5N</footprint>
      <datasheet>https://www.onsemi.com/pub/Collateral/FXLP34-D.pdf</datasheet>
      <fields>
        <field name="Description">ON SEMICONDUCTOR - FXLP34P5X - IC, UNI-DIRECTIONAL TRANSL.</field>
        <field name="Height">1.1</field>
        <field name="Manufacturer_Name">ON Semiconductor</field>
        <field name="Manufacturer_Part_Number">FXLP34P5X</field>
        <field name="Mouser Part Number">512-FXLP34P5X</field>
        <field name="Mouser Price/Stock">https://www.mouser.com/Search/Refine.aspx?Keyword=512-FXLP34P5X</field>
        <field name="RS Part Number">6709722P</field>
        <field name="RS Price/Stock">http://uk.rs-online.com/web/p/products/6709722P</field>
      </fields>
      <libsource lib="SamacSys_Parts" part="FXLP34P5X" description="ON SEMICONDUCTOR - FXLP34P5X - IC, UNI-DIRECTIONAL TRANSL."/>
      <sheetpath names="/voltage_translation/" tstamps="/5E549AE1/"/>
      <tstamp>5E567B8E</tstamp>
    </comp>
  </components>
  <libparts>
    <libpart lib="Connector_Generic" part="046288010000846+">
      <description>Generic connector, single row, 01x18, script generated (kicad-library-utils/schlib/autogen/connector/)</description>
      <docs>~</docs>
      <footprints>
        <fp>Connector*:*_1x??_*</fp>
      </footprints>
      <fields>
        <field name="Reference">J</field>
        <field name="Value">046288010000846+</field>
      </fields>
      <pins>
        <pin num="1" name="Pin_1" type="passive"/>
        <pin num="2" name="Pin_2" type="passive"/>
        <pin num="3" name="Pin_3" type="passive"/>
        <pin num="4" name="Pin_4" type="passive"/>
        <pin num="5" name="Pin_5" type="passive"/>
        <pin num="6" name="Pin_6" type="passive"/>
        <pin num="7" name="Pin_7" type="passive"/>
        <pin num="8" name="Pin_8" type="passive"/>
        <pin num="9" name="Pin_9" type="passive"/>
        <pin num="10" name="Pin_10" type="passive"/>
      </pins>
    </libpart>
    <libpart lib="Connector_Generic_Shielded" part="LSHM-150-04.0-L-DV-A-N-TR">
      <description>Generic shielded connector, double row, 59 pins, odd/even pin numbering scheme (row 1 odd numbers, row 2 even numbers), script generated (kicad-library-utils/schlib/autogen/connector/)</description>
      <docs>~</docs>
      <footprints>
        <fp>Connector*:*2Rows*Pins-1SH_*</fp>
        <fp>*FCC*2Rows*Pins-1SH_*</fp>
      </footprints>
      <fields>
        <field name="Reference">J</field>
        <field name="Value">LSHM-150-04.0-L-DV-A-N-TR</field>
      </fields>
      <pins>
        <pin num="1" name="Pin_1" type="passive"/>
        <pin num="2" name="Pin_2" type="passive"/>
        <pin num="3" name="Pin_3" type="passive"/>
        <pin num="4" name="Pin_4" type="passive"/>
        <pin num="5" name="Pin_5" type="passive"/>
        <pin num="6" name="Pin_6" type="passive"/>
        <pin num="7" name="Pin_7" type="passive"/>
        <pin num="8" name="Pin_8" type="passive"/>
        <pin num="9" name="Pin_9" type="passive"/>
        <pin num="10" name="Pin_10" type="passive"/>
        <pin num="11" name="Pin_11" type="passive"/>
        <pin num="12" name="Pin_12" type="passive"/>
        <pin num="13" name="Pin_13" type="passive"/>
        <pin num="14" name="Pin_14" type="passive"/>
        <pin num="15" name="Pin_15" type="passive"/>
        <pin num="16" name="Pin_16" type="passive"/>
        <pin num="17" name="Pin_17" type="passive"/>
        <pin num="18" name="Pin_18" type="passive"/>
        <pin num="19" name="Pin_19" type="passive"/>
        <pin num="20" name="Pin_20" type="passive"/>
        <pin num="21" name="Pin_21" type="passive"/>
        <pin num="22" name="Pin_22" type="passive"/>
        <pin num="23" name="Pin_23" type="passive"/>
        <pin num="24" name="Pin_24" type="passive"/>
        <pin num="25" name="Pin_25" type="passive"/>
        <pin num="26" name="Pin_26" type="passive"/>
        <pin num="27" name="Pin_27" type="passive"/>
        <pin num="28" name="Pin_28" type="passive"/>
        <pin num="29" name="Pin_29" type="passive"/>
        <pin num="30" name="Pin_30" type="passive"/>
        <pin num="31" name="Pin_31" type="passive"/>
        <pin num="32" name="Pin_32" type="passive"/>
        <pin num="33" name="Pin_33" type="passive"/>
        <pin num="34" name="Pin_34" type="passive"/>
        <pin num="35" name="Pin_35" type="passive"/>
        <pin num="36" name="Pin_36" type="passive"/>
        <pin num="37" name="Pin_37" type="passive"/>
        <pin num="38" name="Pin_38" type="passive"/>
        <pin num="39" name="Pin_39" type="passive"/>
        <pin num="40" name="Pin_40" type="passive"/>
        <pin num="41" name="Pin_41" type="passive"/>
        <pin num="42" name="Pin_42" type="passive"/>
        <pin num="43" name="Pin_43" type="passive"/>
        <pin num="44" name="Pin_44" type="passive"/>
        <pin num="45" name="Pin_45" type="passive"/>
        <pin num="46" name="Pin_46" type="passive"/>
        <pin num="47" name="Pin_47" type="passive"/>
        <pin num="48" name="Pin_48" type="passive"/>
        <pin num="49" name="Pin_49" type="passive"/>
        <pin num="50" name="Pin_50" type="passive"/>
        <pin num="51" name="Pin_51" type="passive"/>
        <pin num="52" name="Pin_52" type="passive"/>
        <pin num="53" name="Pin_53" type="passive"/>
        <pin num="54" name="Pin_54" type="passive"/>
        <pin num="55" name="Pin_55" type="passive"/>
        <pin num="56" name="Pin_56" type="passive"/>
        <pin num="57" name="Pin_57" type="passive"/>
        <pin num="58" name="Pin_58" type="passive"/>
        <pin num="59" name="Pin_59" type="passive"/>
        <pin num="60" name="Pin_60" type="passive"/>
        <pin num="61" name="Pin_61" type="passive"/>
        <pin num="62" name="Pin_62" type="passive"/>
        <pin num="63" name="Pin_63" type="passive"/>
        <pin num="64" name="Pin_64" type="passive"/>
        <pin num="65" name="Pin_65" type="passive"/>
        <pin num="66" name="Pin_66" type="passive"/>
        <pin num="67" name="Pin_67" type="passive"/>
        <pin num="68" name="Pin_68" type="passive"/>
        <pin num="69" name="Pin_69" type="passive"/>
        <pin num="70" name="Pin_70" type="passive"/>
        <pin num="71" name="Pin_71" type="passive"/>
        <pin num="72" name="Pin__72" type="passive"/>
        <pin num="73" name="Pin_73" type="passive"/>
        <pin num="74" name="Pin_74" type="passive"/>
        <pin num="75" name="Pin_75" type="passive"/>
        <pin num="76" name="Pin_76" type="passive"/>
        <pin num="77" name="Pin_77" type="passive"/>
        <pin num="78" name="Pin_78" type="passive"/>
        <pin num="79" name="Pin_79" type="passive"/>
        <pin num="80" name="Pin_80" type="passive"/>
        <pin num="81" name="Pin_81" type="passive"/>
        <pin num="82" name="Pin_82" type="passive"/>
        <pin num="83" name="Pin_83" type="passive"/>
        <pin num="84" name="Pin_84" type="passive"/>
        <pin num="85" name="Pin_85" type="passive"/>
        <pin num="86" name="Pin_86" type="passive"/>
        <pin num="87" name="Pin_87" type="passive"/>
        <pin num="88" name="Pin_88" type="passive"/>
        <pin num="89" name="Pin_89" type="passive"/>
        <pin num="90" name="Pin_90" type="passive"/>
        <pin num="91" name="Pin_91" type="passive"/>
        <pin num="92" name="Pin_92" type="passive"/>
        <pin num="93" name="Pin_93" type="passive"/>
        <pin num="94" name="Pin_94" type="passive"/>
        <pin num="95" name="Pin_95" type="passive"/>
        <pin num="96" name="Pin_96" type="passive"/>
        <pin num="97" name="Pin_97" type="passive"/>
        <pin num="98" name="Pin_98" type="passive"/>
        <pin num="99" name="Pin99" type="passive"/>
        <pin num="100" name="Pin_100" type="passive"/>
        <pin num="101" name="Pin_101" type="passive"/>
        <pin num="102" name="Pin_102" type="passive"/>
      </pins>
    </libpart>
    <libpart lib="Device" part="R_Small_US">
      <description>Resistor, small US symbol</description>
      <docs>~</docs>
      <footprints>
        <fp>R_*</fp>
      </footprints>
      <fields>
        <field name="Reference">R</field>
        <field name="Value">R_Small_US</field>
      </fields>
      <pins>
        <pin num="1" name="~" type="passive"/>
        <pin num="2" name="~" type="passive"/>
      </pins>
    </libpart>
    <libpart lib="PhoenixGen2-InterfaceBoard-GIGEUSB-rescue" part="A6S-4101-H-vis_lib">
      <footprints>
        <fp>SW?DIP?x4*</fp>
      </footprints>
      <fields>
        <field name="Reference">SW</field>
        <field name="Value">A6S-4101-H-vis_lib</field>
      </fields>
      <pins>
        <pin num="1" name="~" type="passive"/>
        <pin num="2" name="~" type="passive"/>
        <pin num="3" name="~" type="passive"/>
        <pin num="4" name="~" type="passive"/>
        <pin num="5" name="~" type="passive"/>
        <pin num="6" name="~" type="passive"/>
        <pin num="7" name="~" type="passive"/>
        <pin num="8" name="~" type="passive"/>
      </pins>
    </libpart>
    <libpart lib="PhoenixGen2-InterfaceBoard-GIGEUSB-rescue" part="C_Small-Device-PhoenixGen2-InterfaceBoard-CLNTSCUSB-rescue">
      <footprints>
        <fp>C_*</fp>
      </footprints>
      <fields>
        <field name="Reference">C</field>
        <field name="Value">C_Small-Device-PhoenixGen2-InterfaceBoard-CLNTSCUSB-rescue</field>
      </fields>
      <pins>
        <pin num="1" name="~" type="passive"/>
        <pin num="2" name="~" type="passive"/>
      </pins>
    </libpart>
    <libpart lib="PhoenixGen2-InterfaceBoard-GIGEUSB-rescue" part="D_Schottky_ALT-Device-PhoenixGen2-InterfaceBoard-CLNTSCUSB-rescue">
      <footprints>
        <fp>TO-???*</fp>
        <fp>*_Diode_*</fp>
        <fp>*SingleDiode*</fp>
        <fp>D_*</fp>
      </footprints>
      <fields>
        <field name="Reference">D</field>
        <field name="Value">D_Schottky_ALT-Device-PhoenixGen2-InterfaceBoard-CLNTSCUSB-rescue</field>
      </fields>
      <pins>
        <pin num="1" name="K" type="passive"/>
        <pin num="2" name="A" type="passive"/>
      </pins>
    </libpart>
    <libpart lib="PhoenixGen2-InterfaceBoard-GIGEUSB-rescue" part="D_TVS_ALT-Device-PhoenixGen2-InterfaceBoard-CLNTSCUSB-rescue">
      <footprints>
        <fp>TO-???*</fp>
        <fp>*_Diode_*</fp>
        <fp>*SingleDiode*</fp>
        <fp>D_*</fp>
      </footprints>
      <fields>
        <field name="Reference">D</field>
        <field name="Value">D_TVS_ALT-Device-PhoenixGen2-InterfaceBoard-CLNTSCUSB-rescue</field>
      </fields>
      <pins>
        <pin num="1" name="A1" type="passive"/>
        <pin num="2" name="A2" type="passive"/>
      </pins>
    </libpart>
    <libpart lib="PhoenixGen2-InterfaceBoard-GIGEUSB-rescue" part="FT232RQ(QFN-32)-ft232rq(qfn-32)-PhoenixGen2-InterfaceBoard-CLNTSCUSB-rescue">
      <fields>
        <field name="Reference">U</field>
        <field name="Value">FT232RQ(QFN-32)-ft232rq(qfn-32)-PhoenixGen2-InterfaceBoard-CLNTSCUSB-rescue</field>
        <field name="Footprint">QFN50P500X500X90-33N</field>
        <field name="Datasheet">USB-to-UART 1-CH 256Byte FIFO 5V 32-Pin QFN EP</field>
        <field name="Field4">FTDI, Future</field>
        <field name="Field5">Unavailable</field>
        <field name="Field6">None</field>
        <field name="Field7">FT232RQ</field>
        <field name="Field8">VFQFN-32 FTDI, Future</field>
      </fields>
      <pins>
        <pin num="1" name="VCCIO" type="power_in"/>
        <pin num="2" name="RXD" type="input"/>
        <pin num="3" name="~RI~" type="input"/>
        <pin num="4" name="GND" type="power_in"/>
        <pin num="6" name="~DSR~" type="input"/>
        <pin num="7" name="~DCD~" type="input"/>
        <pin num="8" name="~CTS~" type="input"/>
        <pin num="9" name="CBUS4" type="BiDi"/>
        <pin num="10" name="CBUS2" type="BiDi"/>
        <pin num="11" name="CBUS3" type="BiDi"/>
        <pin num="14" name="USBDP" type="BiDi"/>
        <pin num="15" name="USBDM" type="BiDi"/>
        <pin num="16" name="3V3OUT" type="passive"/>
        <pin num="17" name="GND" type="power_in"/>
        <pin num="18" name="~RESET~" type="input"/>
        <pin num="19" name="VCC" type="power_in"/>
        <pin num="20" name="GND" type="power_in"/>
        <pin num="21" name="CBUS1" type="BiDi"/>
        <pin num="22" name="CBUS0" type="BiDi"/>
        <pin num="24" name="AGND" type="power_in"/>
        <pin num="26" name="TEST" type="input"/>
        <pin num="27" name="OSCI" type="input"/>
        <pin num="28" name="OSCO" type="output"/>
        <pin num="30" name="TXD" type="output"/>
        <pin num="31" name="~DTR~" type="output"/>
        <pin num="32" name="~RTS~" type="output"/>
        <pin num="33" name="EP" type="passive"/>
      </pins>
    </libpart>
    <libpart lib="PhoenixGen2-InterfaceBoard-GIGEUSB-rescue" part="Ferrite_Bead-Device-PhoenixGen2-InterfaceBoard-CLNTSCUSB-rescue">
      <footprints>
        <fp>Inductor_*</fp>
        <fp>L_*</fp>
        <fp>*Ferrite*</fp>
      </footprints>
      <fields>
        <field name="Reference">FB</field>
        <field name="Value">Ferrite_Bead-Device-PhoenixGen2-InterfaceBoard-CLNTSCUSB-rescue</field>
      </fields>
      <pins>
        <pin num="1" name="~" type="passive"/>
        <pin num="2" name="~" type="passive"/>
      </pins>
    </libpart>
    <libpart lib="PhoenixGen2-InterfaceBoard-GIGEUSB-rescue" part="INDUCTOR-pspice-PhoenixGen2-InterfaceBoard-CLNTSCUSB-rescue">
      <fields>
        <field name="Reference">L</field>
        <field name="Value">INDUCTOR-pspice-PhoenixGen2-InterfaceBoard-CLNTSCUSB-rescue</field>
      </fields>
      <pins>
        <pin num="1" name="1" type="input"/>
        <pin num="2" name="2" type="input"/>
      </pins>
    </libpart>
    <libpart lib="PhoenixGen2-InterfaceBoard-GIGEUSB-rescue" part="R_Small_US-Device-PhoenixGen2-InterfaceBoard-CLNTSCUSB-rescue">
      <footprints>
        <fp>R_*</fp>
      </footprints>
      <fields>
        <field name="Reference">R</field>
        <field name="Value">R_Small_US-Device-PhoenixGen2-InterfaceBoard-CLNTSCUSB-rescue</field>
      </fields>
      <pins>
        <pin num="1" name="~" type="passive"/>
        <pin num="2" name="~" type="passive"/>
      </pins>
    </libpart>
    <libpart lib="PhoenixGen2-InterfaceBoard-GIGEUSB-rescue" part="SMH-102-02-L-S-vis_lib">
      <footprints>
        <fp>Connector*:*_1x??_*</fp>
      </footprints>
      <fields>
        <field name="Reference">J</field>
        <field name="Value">SMH-102-02-L-S-vis_lib</field>
      </fields>
      <pins>
        <pin num="1" name="Pin_1" type="passive"/>
        <pin num="2" name="Pin_2" type="passive"/>
      </pins>
    </libpart>
    <libpart lib="PhoenixGen2-InterfaceBoard-GIGEUSB-rescue" part="SS4-30-3.50-L-D-TR-ss4-30-3.50-l-d-tr-PhoenixGen2-InterfaceBoard-CLNTSCUSB-rescue">
      <footprints>
        <fp>Connector*:*2Rows*Pins-1SH_*</fp>
        <fp>*FCC*2Rows*Pins-1SH_*</fp>
      </footprints>
      <fields>
        <field name="Reference">J</field>
        <field name="Value">SS4-30-3.50-L-D-TR-ss4-30-3.50-l-d-tr-PhoenixGen2-InterfaceBoard-CLNTSCUSB-rescue</field>
      </fields>
      <pins>
        <pin num="1" name="Pin_1" type="passive"/>
        <pin num="2" name="Pin_2" type="passive"/>
        <pin num="3" name="Pin_3" type="passive"/>
        <pin num="4" name="Pin_4" type="passive"/>
        <pin num="5" name="Pin_5" type="passive"/>
        <pin num="6" name="Pin_6" type="passive"/>
        <pin num="7" name="Pin_7" type="passive"/>
        <pin num="8" name="Pin_8" type="passive"/>
        <pin num="9" name="Pin_9" type="passive"/>
        <pin num="10" name="Pin_10" type="passive"/>
        <pin num="11" name="Pin_11" type="passive"/>
        <pin num="12" name="Pin_12" type="passive"/>
        <pin num="13" name="Pin_13" type="passive"/>
        <pin num="14" name="Pin_14" type="passive"/>
        <pin num="15" name="Pin_15" type="passive"/>
        <pin num="16" name="Pin_16" type="passive"/>
        <pin num="17" name="Pin_17" type="passive"/>
        <pin num="18" name="Pin_18" type="passive"/>
        <pin num="19" name="Pin_19" type="passive"/>
        <pin num="20" name="Pin_20" type="passive"/>
        <pin num="21" name="Pin_21" type="passive"/>
        <pin num="22" name="Pin_22" type="passive"/>
        <pin num="23" name="Pin_23" type="passive"/>
        <pin num="24" name="Pin_24" type="passive"/>
        <pin num="25" name="Pin_25" type="passive"/>
        <pin num="26" name="Pin_26" type="passive"/>
        <pin num="27" name="Pin_27" type="passive"/>
        <pin num="28" name="Pin_28" type="passive"/>
        <pin num="29" name="Pin_29" type="passive"/>
        <pin num="30" name="Pin_30" type="passive"/>
        <pin num="31" name="Pin_31" type="passive"/>
        <pin num="32" name="Pin_32" type="passive"/>
        <pin num="33" name="Pin_33" type="passive"/>
        <pin num="34" name="Pin_34" type="passive"/>
        <pin num="35" name="Pin_35" type="passive"/>
        <pin num="36" name="Pin_36" type="passive"/>
        <pin num="37" name="Pin_37" type="passive"/>
        <pin num="38" name="Pin_38" type="passive"/>
        <pin num="39" name="Pin_39" type="passive"/>
        <pin num="40" name="Pin_40" type="passive"/>
        <pin num="41" name="Pin_41" type="passive"/>
        <pin num="42" name="Pin_42" type="passive"/>
        <pin num="43" name="Pin_43" type="passive"/>
        <pin num="44" name="Pin_44" type="passive"/>
        <pin num="45" name="Pin_45" type="passive"/>
        <pin num="46" name="Pin_46" type="passive"/>
        <pin num="47" name="Pin_47" type="passive"/>
        <pin num="48" name="Pin_48" type="passive"/>
        <pin num="49" name="Pin_49" type="passive"/>
        <pin num="50" name="Pin_50" type="passive"/>
        <pin num="51" name="Pin_51" type="passive"/>
        <pin num="52" name="Pin_52" type="passive"/>
        <pin num="53" name="Pin_53" type="passive"/>
        <pin num="54" name="Pin_54" type="passive"/>
        <pin num="55" name="Pin_55" type="passive"/>
        <pin num="56" name="Pin_56" type="passive"/>
        <pin num="57" name="Pin_57" type="passive"/>
        <pin num="58" name="Pin_58" type="passive"/>
        <pin num="59" name="Pin_59" type="passive"/>
        <pin num="60" name="Pin_60" type="passive"/>
      </pins>
    </libpart>
    <libpart lib="PhoenixGen2-InterfaceBoard-GIGEUSB-rescue" part="TPS61170DRVR-tps61170drvr-PhoenixGen2-InterfaceBoard-CLNTSCUSB-rescue">
      <fields>
        <field name="Reference">U</field>
        <field name="Value">TPS61170DRVR-tps61170drvr-PhoenixGen2-InterfaceBoard-CLNTSCUSB-rescue</field>
        <field name="Footprint">SON65P210X210X80-7N</field>
        <field name="Datasheet">TPS61170DRVR</field>
        <field name="Field4">None</field>
        <field name="Field5">SON-6 Texas Instruments</field>
        <field name="Field6">Texas Instruments</field>
        <field name="Field7">Unavailable</field>
        <field name="Field8">1.2A Switch, High Voltage Boost Converter in 2x2mm QFN Package 6-WSON -40 to 85</field>
      </fields>
      <pins>
        <pin num="1" name="FB" type="input"/>
        <pin num="2" name="COMP" type="output"/>
        <pin num="3" name="GND" type="passive"/>
        <pin num="4" name="SW" type="input"/>
        <pin num="5" name="CTRL" type="input"/>
        <pin num="6" name="VIN" type="passive"/>
        <pin num="7" name="TPAD" type="passive"/>
      </pins>
    </libpart>
    <libpart lib="PhoenixGen2-InterfaceBoard-GIGEUSB-rescue" part="TestPoint-Connector-PhoenixGen2-InterfaceBoard-CLNTSCUSB-rescue">
      <footprints>
        <fp>Pin*</fp>
        <fp>Test*</fp>
      </footprints>
      <fields>
        <field name="Reference">TP</field>
        <field name="Value">TestPoint-Connector-PhoenixGen2-InterfaceBoard-CLNTSCUSB-rescue</field>
      </fields>
      <pins>
        <pin num="1" name="1" type="passive"/>
      </pins>
    </libpart>
    <libpart lib="SamacSys_Parts" part="FXLP34P5X">
      <description>ON SEMICONDUCTOR - FXLP34P5X - IC, UNI-DIRECTIONAL TRANSL.</description>
      <docs>https://www.onsemi.com/pub/Collateral/FXLP34-D.pdf</docs>
      <fields>
        <field name="Reference">IC</field>
        <field name="Value">FXLP34P5X</field>
        <field name="Footprint">SOT65P210X110-5N</field>
        <field name="Datasheet">https://www.onsemi.com/pub/Collateral/FXLP34-D.pdf</field>
        <field name="Description">ON SEMICONDUCTOR - FXLP34P5X - IC, UNI-DIRECTIONAL TRANSL.</field>
        <field name="Height">1.1</field>
        <field name="Manufacturer_Name">ON Semiconductor</field>
        <field name="Manufacturer_Part_Number">FXLP34P5X</field>
        <field name="Mouser Part Number">512-FXLP34P5X</field>
        <field name="Mouser Price/Stock">https://www.mouser.com/Search/Refine.aspx?Keyword=512-FXLP34P5X</field>
        <field name="RS Part Number">6709722P</field>
        <field name="RS Price/Stock">http://uk.rs-online.com/web/p/products/6709722P</field>
      </fields>
      <pins>
        <pin num="1" name="VCC1" type="unspc"/>
        <pin num="2" name="A" type="unspc"/>
        <pin num="3" name="GND" type="unspc"/>
        <pin num="4" name="Y" type="unspc"/>
        <pin num="5" name="VCC" type="unspc"/>
      </pins>
    </libpart>
    <libpart lib="SamacSys_Parts" part="NLSX5014MUTAG">
      <description>ON SEMICONDUCTOR - NLSX5014MUTAG - BIDIR LEVEL TRANSLATOR, 4-BIT, UQFN-12</description>
      <docs>https://componentsearchengine.com/Datasheets/1/NLSX5014MUTAG.pdf</docs>
      <fields>
        <field name="Reference">IC</field>
        <field name="Value">NLSX5014MUTAG</field>
        <field name="Footprint">NLSV4T244MUTAG</field>
        <field name="Datasheet">https://componentsearchengine.com/Datasheets/1/NLSX5014MUTAG.pdf</field>
        <field name="Description">ON SEMICONDUCTOR - NLSX5014MUTAG - BIDIR LEVEL TRANSLATOR, 4-BIT, UQFN-12</field>
        <field name="Height">0</field>
        <field name="Mouser Part Number">863-NLSX5014MUTAG</field>
        <field name="Mouser Price/Stock">https://www.mouser.com/Search/Refine.aspx?Keyword=863-NLSX5014MUTAG</field>
        <field name="Manufacturer_Name">ON Semiconductor</field>
        <field name="Manufacturer_Part_Number">NLSX5014MUTAG</field>
      </fields>
      <pins>
        <pin num="1" name="VL" type="unspc"/>
        <pin num="2" name="I/O_VL1" type="unspc"/>
        <pin num="3" name="I/O_VL2" type="unspc"/>
        <pin num="4" name="I/O_VL3" type="unspc"/>
        <pin num="5" name="I/O_VL4" type="unspc"/>
        <pin num="6" name="GND" type="unspc"/>
        <pin num="7" name="I/O_VCC4" type="unspc"/>
        <pin num="8" name="I/O_VCC3" type="unspc"/>
        <pin num="9" name="I/O_VCC2" type="unspc"/>
        <pin num="10" name="I/O_VCC1" type="unspc"/>
        <pin num="11" name="VCC" type="unspc"/>
        <pin num="12" name="EN" type="unspc"/>
      </pins>
    </libpart>
  </libparts>
  <libraries>
    <library logical="Connector_Generic">
      <uri>D:\Program Files\KiCad\share\kicad\library/Connector_Generic.lib</uri>
    </library>
    <library logical="Connector_Generic_Shielded">
      <uri>D:\Program Files\KiCad\share\kicad\library/Connector_Generic_Shielded.lib</uri>
    </library>
    <library logical="Device">
      <uri>D:\Program Files\KiCad\share\kicad\library/Device.lib</uri>
    </library>
    <library logical="PhoenixGen2-InterfaceBoard-GIGEUSB-rescue">
      <uri>C:\Users\frederickw\Desktop\PhoenixTamariskInterfaceBoard\GIGEUSB\PhoenixGen2-InterfaceBoard-GIGEUSB/PhoenixGen2-InterfaceBoard-GIGEUSB-rescue.lib</uri>
    </library>
    <library logical="SamacSys_Parts">
      <uri>D:/Program Files/KiCad/SamacSys_Parts.lib</uri>
    </library>
  </libraries>
  <nets>
    <net code="1" name="Earth">
      <node ref="J1" pin="56"/>
      <node ref="J3" pin="9"/>
      <node ref="J3" pin="8"/>
      <node ref="C1" pin="2"/>
      <node ref="C2" pin="2"/>
      <node ref="D10" pin="2"/>
      <node ref="D8" pin="2"/>
      <node ref="D11" pin="2"/>
      <node ref="J1" pin="5"/>
      <node ref="J1" pin="58"/>
      <node ref="J1" pin="60"/>
      <node ref="J1" pin="7"/>
      <node ref="J1" pin="3"/>
      <node ref="R1" pin="1"/>
      <node ref="J2" pin="2"/>
      <node ref="C11" pin="2"/>
      <node ref="C12" pin="2"/>
      <node ref="J1" pin="1"/>
      <node ref="MH2" pin="1"/>
      <node ref="MH1" pin="1"/>
      <node ref="C19" pin="2"/>
      <node ref="GND1" pin="1"/>
      <node ref="C9" pin="2"/>
      <node ref="C4" pin="1"/>
      <node ref="C5" pin="2"/>
      <node ref="U2" pin="4"/>
      <node ref="U2" pin="33"/>
      <node ref="U2" pin="26"/>
      <node ref="U2" pin="24"/>
      <node ref="U2" pin="20"/>
      <node ref="U2" pin="17"/>
      <node ref="R33" pin="2"/>
      <node ref="C10" pin="2"/>
      <node ref="R10" pin="2"/>
      <node ref="C6" pin="2"/>
      <node ref="J4" pin="68"/>
      <node ref="C41" pin="2"/>
      <node ref="C37" pin="2"/>
      <node ref="L11" pin="1"/>
      <node ref="C43" pin="2"/>
      <node ref="C42" pin="2"/>
      <node ref="U8" pin="7"/>
      <node ref="U8" pin="3"/>
      <node ref="R24" pin="2"/>
      <node ref="L9" pin="1"/>
      <node ref="C33" pin="2"/>
      <node ref="C35" pin="2"/>
      <node ref="C31" pin="2"/>
      <node ref="U7" pin="7"/>
      <node ref="U7" pin="3"/>
      <node ref="C28" pin="2"/>
      <node ref="R32" pin="2"/>
      <node ref="C34" pin="2"/>
      <node ref="J4" pin="48"/>
      <node ref="J4" pin="51"/>
      <node ref="J4" pin="46"/>
      <node ref="J4" pin="79"/>
      <node ref="J4" pin="54"/>
      <node ref="J4" pin="57"/>
      <node ref="J4" pin="60"/>
      <node ref="J4" pin="69"/>
      <node ref="J4" pin="70"/>
      <node ref="J4" pin="71"/>
      <node ref="J4" pin="72"/>
      <node ref="J4" pin="73"/>
      <node ref="J4" pin="74"/>
      <node ref="J4" pin="76"/>
      <node ref="J4" pin="77"/>
      <node ref="J4" pin="78"/>
      <node ref="J4" pin="80"/>
      <node ref="J4" pin="81"/>
      <node ref="J4" pin="4"/>
      <node ref="J4" pin="27"/>
      <node ref="J4" pin="29"/>
      <node ref="J4" pin="3"/>
      <node ref="J4" pin="31"/>
      <node ref="J4" pin="33"/>
      <node ref="J4" pin="82"/>
      <node ref="J4" pin="42"/>
      <node ref="J4" pin="45"/>
      <node ref="J4" pin="100"/>
      <node ref="J4" pin="21"/>
      <node ref="J4" pin="22"/>
      <node ref="J4" pin="92"/>
      <node ref="J4" pin="83"/>
      <node ref="J4" pin="84"/>
      <node ref="J4" pin="85"/>
      <node ref="J4" pin="86"/>
      <node ref="J4" pin="87"/>
      <node ref="J4" pin="88"/>
      <node ref="J4" pin="89"/>
      <node ref="J4" pin="91"/>
      <node ref="C14" pin="2"/>
      <node ref="J4" pin="93"/>
      <node ref="J4" pin="94"/>
      <node ref="J4" pin="96"/>
      <node ref="J4" pin="99"/>
      <node ref="IC2" pin="6"/>
      <node ref="C23" pin="2"/>
      <node ref="C20" pin="2"/>
      <node ref="C3" pin="1"/>
      <node ref="C8" pin="1"/>
      <node ref="C15" pin="2"/>
      <node ref="IC4" pin="6"/>
      <node ref="C22" pin="1"/>
      <node ref="C18" pin="2"/>
      <node ref="C17" pin="1"/>
      <node ref="C16" pin="1"/>
      <node ref="IC5" pin="6"/>
      <node ref="C13" pin="2"/>
      <node ref="IC1" pin="6"/>
      <node ref="C7" pin="1"/>
      <node ref="C24" pin="2"/>
      <node ref="C21" pin="1"/>
      <node ref="IC6" pin="3"/>
      <node ref="IC7" pin="3"/>
      <node ref="IC3" pin="6"/>
    </net>
    <net code="2" name="BDSI_D11_25">
      <node ref="IC3" pin="7"/>
      <node ref="J4" pin="58"/>
    </net>
    <net code="3" name="BDSI_D10_25">
      <node ref="J4" pin="56"/>
      <node ref="IC3" pin="8"/>
    </net>
    <net code="4" name="BDSI_D9_25">
      <node ref="IC3" pin="9"/>
      <node ref="J4" pin="52"/>
    </net>
    <net code="5" name="BDSI_D8_25">
      <node ref="J4" pin="50"/>
      <node ref="IC3" pin="10"/>
    </net>
    <net code="6" name="BDSI_D5_25">
      <node ref="IC2" pin="9"/>
      <node ref="J4" pin="61"/>
    </net>
    <net code="7" name="BDSI_D12_25">
      <node ref="J4" pin="62"/>
      <node ref="IC4" pin="10"/>
    </net>
    <net code="8" name="BDSI_D13_25">
      <node ref="IC4" pin="9"/>
      <node ref="J4" pin="64"/>
    </net>
    <net code="9" name="+2V5">
      <node ref="IC6" pin="1"/>
      <node ref="IC7" pin="5"/>
      <node ref="C18" pin="1"/>
      <node ref="J4" pin="7"/>
      <node ref="C24" pin="1"/>
      <node ref="C13" pin="1"/>
      <node ref="IC5" pin="11"/>
      <node ref="IC2" pin="11"/>
      <node ref="J4" pin="5"/>
      <node ref="IC1" pin="11"/>
      <node ref="C21" pin="2"/>
      <node ref="IC4" pin="11"/>
      <node ref="C15" pin="1"/>
      <node ref="C20" pin="1"/>
      <node ref="IC3" pin="11"/>
      <node ref="C14" pin="1"/>
    </net>
    <net code="10" name="BDSI_D6_25">
      <node ref="J4" pin="65"/>
      <node ref="IC2" pin="8"/>
    </net>
    <net code="11" name="1.8VD">
      <node ref="IC4" pin="1"/>
      <node ref="J1" pin="52"/>
      <node ref="C3" pin="2"/>
      <node ref="C8" pin="2"/>
      <node ref="J1" pin="50"/>
      <node ref="J1" pin="54"/>
      <node ref="C22" pin="2"/>
      <node ref="IC4" pin="12"/>
      <node ref="R5" pin="1"/>
      <node ref="C7" pin="2"/>
      <node ref="C19" pin="1"/>
      <node ref="IC7" pin="1"/>
      <node ref="1.8VD1" pin="1"/>
      <node ref="IC6" pin="5"/>
      <node ref="U2" pin="1"/>
      <node ref="IC1" pin="1"/>
      <node ref="IC1" pin="12"/>
      <node ref="IC5" pin="12"/>
      <node ref="IC5" pin="1"/>
      <node ref="C6" pin="1"/>
      <node ref="C16" pin="2"/>
      <node ref="C17" pin="2"/>
      <node ref="C23" pin="1"/>
      <node ref="IC3" pin="1"/>
      <node ref="IC3" pin="12"/>
      <node ref="IC2" pin="12"/>
      <node ref="IC2" pin="1"/>
    </net>
    <net code="12" name="BDSI_D2_25">
      <node ref="IC1" pin="8"/>
      <node ref="J4" pin="53"/>
    </net>
    <net code="13" name="BDSI_D3_25">
      <node ref="J4" pin="55"/>
      <node ref="IC1" pin="7"/>
    </net>
    <net code="14" name="BDSI_D1_25">
      <node ref="IC1" pin="9"/>
      <node ref="J4" pin="49"/>
    </net>
    <net code="15" name="BDSI_D7_25">
      <node ref="J4" pin="67"/>
      <node ref="IC2" pin="7"/>
    </net>
    <net code="16" name="BDSI_D4_25">
      <node ref="IC2" pin="10"/>
      <node ref="J4" pin="59"/>
    </net>
    <net code="17" name="BDSI_D0_25">
      <node ref="IC1" pin="10"/>
      <node ref="J4" pin="47"/>
    </net>
    <net code="18" name="BDSI_FSYNC_18">
      <node ref="J1" pin="44"/>
      <node ref="IC4" pin="5"/>
    </net>
    <net code="19" name="BDSI_LSYNC_18">
      <node ref="J1" pin="42"/>
      <node ref="IC4" pin="4"/>
    </net>
    <net code="20" name="BDSI_D1_18">
      <node ref="IC1" pin="3"/>
      <node ref="J1" pin="57"/>
    </net>
    <net code="21" name="BDSI_D2_18">
      <node ref="J1" pin="55"/>
      <node ref="IC1" pin="4"/>
    </net>
    <net code="22" name="BDSI_D3_18">
      <node ref="J1" pin="53"/>
      <node ref="IC1" pin="5"/>
    </net>
    <net code="23" name="BDSI_D13_18">
      <node ref="J1" pin="46"/>
      <node ref="IC4" pin="3"/>
    </net>
    <net code="24" name="BDSI_D12_18">
      <node ref="IC4" pin="2"/>
      <node ref="J1" pin="48"/>
    </net>
    <net code="25" name="BDSI_D10_18">
      <node ref="IC3" pin="4"/>
      <node ref="J1" pin="39"/>
    </net>
    <net code="26" name="BDSI_D11_18">
      <node ref="J1" pin="37"/>
      <node ref="IC3" pin="5"/>
    </net>
    <net code="27" name="BDSI_D8_18">
      <node ref="J1" pin="43"/>
      <node ref="IC3" pin="2"/>
    </net>
    <net code="28" name="BDSI_D9_18">
      <node ref="J1" pin="41"/>
      <node ref="IC3" pin="3"/>
    </net>
    <net code="29" name="BDSI_D0_18">
      <node ref="IC1" pin="2"/>
      <node ref="J1" pin="59"/>
    </net>
    <net code="30" name="BDSI_D4_18">
      <node ref="IC2" pin="2"/>
      <node ref="J1" pin="51"/>
    </net>
    <net code="31" name="BDSI_D5_18">
      <node ref="IC2" pin="3"/>
      <node ref="J1" pin="49"/>
    </net>
    <net code="32" name="BDSI_D6_18">
      <node ref="IC2" pin="4"/>
      <node ref="J1" pin="47"/>
    </net>
    <net code="33" name="BDSI_D7_18">
      <node ref="IC2" pin="5"/>
      <node ref="J1" pin="45"/>
    </net>
    <net code="34" name="BDSI_LSYNC_25">
      <node ref="IC4" pin="8"/>
      <node ref="J4" pin="90"/>
    </net>
    <net code="35" name="BDSI_FSYNC_25">
      <node ref="IC4" pin="7"/>
      <node ref="J4" pin="75"/>
    </net>
    <net code="36" name="Net-(IC5-Pad7)">
      <node ref="IC5" pin="7"/>
    </net>
    <net code="37" name="G_UART_TX_18">
      <node ref="IC6" pin="4"/>
      <node ref="SW1" pin="4"/>
    </net>
    <net code="38" name="G_UART_RX_18">
      <node ref="SW1" pin="3"/>
      <node ref="IC7" pin="2"/>
    </net>
    <net code="39" name="Net-(IC5-Pad3)">
      <node ref="IC5" pin="3"/>
    </net>
    <net code="40" name="Net-(IC5-Pad4)">
      <node ref="IC5" pin="4"/>
    </net>
    <net code="41" name="Net-(IC5-Pad5)">
      <node ref="IC5" pin="5"/>
    </net>
    <net code="42" name="Net-(IC5-Pad9)">
      <node ref="IC5" pin="9"/>
    </net>
    <net code="43" name="Net-(IC5-Pad8)">
      <node ref="IC5" pin="8"/>
    </net>
    <net code="44" name="G_UART_TX_25">
      <node ref="J4" pin="24"/>
      <node ref="IC6" pin="2"/>
    </net>
    <net code="45" name="G_UART_RX_25">
      <node ref="IC7" pin="4"/>
      <node ref="J4" pin="26"/>
    </net>
    <net code="46" name="BDSI_PCLK_25">
      <node ref="IC5" pin="10"/>
      <node ref="J4" pin="44"/>
    </net>
    <net code="47" name="BDSI_PCLK_18">
      <node ref="J1" pin="40"/>
      <node ref="IC5" pin="2"/>
    </net>
    <net code="48" name="USBD_N">
      <node ref="C2" pin="1"/>
      <node ref="J3" pin="5"/>
      <node ref="D11" pin="1"/>
      <node ref="U2" pin="15"/>
    </net>
    <net code="49" name="USB_5V_VBUS">
      <node ref="R3" pin="1"/>
    </net>
    <net code="50" name="Net-(U2-Pad10)">
      <node ref="U2" pin="10"/>
    </net>
    <net code="51" name="Net-(U2-Pad32)">
      <node ref="U2" pin="32"/>
    </net>
    <net code="52" name="Net-(U2-Pad8)">
      <node ref="U2" pin="8"/>
    </net>
    <net code="53" name="Net-(U2-Pad31)">
      <node ref="U2" pin="31"/>
    </net>
    <net code="54" name="Net-(U2-Pad6)">
      <node ref="U2" pin="6"/>
    </net>
    <net code="55" name="USBD_P">
      <node ref="J3" pin="6"/>
      <node ref="D10" pin="1"/>
      <node ref="U2" pin="14"/>
    </net>
    <net code="56" name="Net-(U2-Pad27)">
      <node ref="U2" pin="27"/>
    </net>
    <net code="57" name="Net-(U2-Pad9)">
      <node ref="U2" pin="9"/>
    </net>
    <net code="58" name="Net-(U2-Pad7)">
      <node ref="U2" pin="7"/>
    </net>
    <net code="59" name="Net-(U2-Pad3)">
      <node ref="U2" pin="3"/>
    </net>
    <net code="60" name="Net-(U2-Pad28)">
      <node ref="U2" pin="28"/>
    </net>
    <net code="61" name="USB_DETECT">
      <node ref="R5" pin="2"/>
      <node ref="R33" pin="1"/>
      <node ref="U2" pin="11"/>
      <node ref="J1" pin="12"/>
    </net>
    <net code="62" name="Net-(U2-Pad22)">
      <node ref="U2" pin="22"/>
    </net>
    <net code="63" name="Net-(U2-Pad21)">
      <node ref="U2" pin="21"/>
    </net>
    <net code="64" name="USB_3.3V">
      <node ref="C10" pin="1"/>
      <node ref="U2" pin="16"/>
    </net>
    <net code="65" name="Net-(R10-Pad1)">
      <node ref="R6" pin="2"/>
      <node ref="R10" pin="1"/>
      <node ref="U2" pin="18"/>
    </net>
    <net code="66" name="T_UART_RX">
      <node ref="SW1" pin="1"/>
      <node ref="U2" pin="2"/>
    </net>
    <net code="67" name="T_UART_TX">
      <node ref="SW1" pin="2"/>
      <node ref="U2" pin="30"/>
    </net>
    <net code="68" name="5V">
      <node ref="R18" pin="1"/>
      <node ref="U2" pin="19"/>
      <node ref="C4" pin="2"/>
      <node ref="C5" pin="1"/>
      <node ref="R2" pin="1"/>
      <node ref="C35" pin="1"/>
      <node ref="C33" pin="1"/>
      <node ref="D6" pin="1"/>
      <node ref="R23" pin="1"/>
      <node ref="C11" pin="1"/>
      <node ref="J1" pin="2"/>
      <node ref="J1" pin="4"/>
      <node ref="J1" pin="8"/>
      <node ref="J1" pin="6"/>
      <node ref="C12" pin="1"/>
    </net>
    <net code="69" name="Net-(L2-Pad2)">
      <node ref="L2" pin="2"/>
      <node ref="R3" pin="2"/>
      <node ref="R2" pin="2"/>
      <node ref="R6" pin="1"/>
    </net>
    <net code="70" name="USB_5V">
      <node ref="J3" pin="4"/>
      <node ref="J3" pin="3"/>
      <node ref="L2" pin="1"/>
      <node ref="C9" pin="1"/>
      <node ref="D8" pin="1"/>
    </net>
    <net code="71" name="UART_TX">
      <node ref="SW1" pin="8"/>
      <node ref="J1" pin="14"/>
      <node ref="SW1" pin="6"/>
    </net>
    <net code="72" name="UART_RX">
      <node ref="J1" pin="16"/>
      <node ref="SW1" pin="5"/>
      <node ref="SW1" pin="7"/>
    </net>
    <net code="73" name="+3V3">
      <node ref="J4" pin="8"/>
      <node ref="J4" pin="6"/>
      <node ref="L7" pin="2"/>
      <node ref="C28" pin="1"/>
    </net>
    <net code="74" name="Net-(J4-Pad13)">
      <node ref="J4" pin="13"/>
    </net>
    <net code="75" name="Net-(J4-Pad11)">
      <node ref="J4" pin="11"/>
    </net>
    <net code="76" name="Net-(J3-Pad2)">
      <node ref="J3" pin="2"/>
    </net>
    <net code="77" name="Net-(J3-Pad1)">
      <node ref="J3" pin="1"/>
    </net>
    <net code="78" name="Net-(J3-Pad7)">
      <node ref="J3" pin="7"/>
    </net>
    <net code="79" name="Net-(C1-Pad1)">
      <node ref="R1" pin="2"/>
      <node ref="C1" pin="1"/>
      <node ref="J3" pin="10"/>
    </net>
    <net code="80" name="Net-(J1-Pad9)">
      <node ref="J1" pin="9"/>
    </net>
    <net code="81" name="Net-(J1-Pad17)">
      <node ref="J1" pin="17"/>
    </net>
    <net code="82" name="Net-(J1-Pad19)">
      <node ref="J1" pin="19"/>
    </net>
    <net code="83" name="Net-(J1-Pad15)">
      <node ref="J1" pin="15"/>
    </net>
    <net code="84" name="Net-(J1-Pad18)">
      <node ref="J1" pin="18"/>
    </net>
    <net code="85" name="Net-(J1-Pad20)">
      <node ref="J1" pin="20"/>
    </net>
    <net code="86" name="Net-(J1-Pad21)">
      <node ref="J1" pin="21"/>
    </net>
    <net code="87" name="Net-(J1-Pad22)">
      <node ref="J1" pin="22"/>
    </net>
    <net code="88" name="Net-(J1-Pad23)">
      <node ref="J1" pin="23"/>
    </net>
    <net code="89" name="Net-(J1-Pad24)">
      <node ref="J1" pin="24"/>
    </net>
    <net code="90" name="Net-(J1-Pad25)">
      <node ref="J1" pin="25"/>
    </net>
    <net code="91" name="Net-(J1-Pad27)">
      <node ref="J1" pin="27"/>
    </net>
    <net code="92" name="Net-(J1-Pad29)">
      <node ref="J1" pin="29"/>
    </net>
    <net code="93" name="Net-(J1-Pad31)">
      <node ref="J1" pin="31"/>
    </net>
    <net code="94" name="Net-(J1-Pad32)">
      <node ref="TDI1" pin="1"/>
      <node ref="J1" pin="32"/>
    </net>
    <net code="95" name="Net-(J1-Pad33)">
      <node ref="J1" pin="33"/>
    </net>
    <net code="96" name="Net-(J1-Pad34)">
      <node ref="J1" pin="34"/>
      <node ref="TMS0" pin="1"/>
    </net>
    <net code="97" name="Net-(J1-Pad35)">
      <node ref="J1" pin="35"/>
    </net>
    <net code="98" name="Net-(J1-Pad36)">
      <node ref="J1" pin="36"/>
      <node ref="TMS1" pin="1"/>
    </net>
    <net code="99" name="GENLOCK">
      <node ref="J1" pin="38"/>
      <node ref="J2" pin="1"/>
    </net>
    <net code="100" name="Net-(J1-Pad26)">
      <node ref="J1" pin="26"/>
      <node ref="SHTR_CLS1" pin="1"/>
    </net>
    <net code="101" name="Net-(J1-Pad30)">
      <node ref="J1" pin="30"/>
      <node ref="TDO1" pin="1"/>
    </net>
    <net code="102" name="Net-(J1-Pad13)">
      <node ref="J1" pin="13"/>
    </net>
    <net code="103" name="Net-(J1-Pad28)">
      <node ref="J1" pin="28"/>
      <node ref="WETST1" pin="1"/>
    </net>
    <net code="104" name="Net-(J1-Pad11)">
      <node ref="J1" pin="11"/>
    </net>
    <net code="105" name="Net-(J1-Pad10)">
      <node ref="J1" pin="10"/>
    </net>
    <net code="106" name="Net-(J4-Pad63)">
      <node ref="J4" pin="63"/>
    </net>
    <net code="107" name="Net-(J4-Pad66)">
      <node ref="J4" pin="66"/>
    </net>
    <net code="108" name="Net-(J4-Pad28)">
      <node ref="J4" pin="28"/>
    </net>
    <net code="109" name="Net-(J4-Pad30)">
      <node ref="J4" pin="30"/>
    </net>
    <net code="110" name="Net-(J4-Pad32)">
      <node ref="J4" pin="32"/>
    </net>
    <net code="111" name="Net-(J4-Pad34)">
      <node ref="J4" pin="34"/>
    </net>
    <net code="112" name="Net-(J4-Pad35)">
      <node ref="J4" pin="35"/>
    </net>
    <net code="113" name="Net-(J4-Pad36)">
      <node ref="J4" pin="36"/>
    </net>
    <net code="114" name="Net-(J4-Pad37)">
      <node ref="J4" pin="37"/>
    </net>
    <net code="115" name="Net-(J4-Pad38)">
      <node ref="J4" pin="38"/>
    </net>
    <net code="116" name="Net-(J4-Pad39)">
      <node ref="J4" pin="39"/>
    </net>
    <net code="117" name="Net-(J4-Pad40)">
      <node ref="J4" pin="40"/>
    </net>
    <net code="118" name="Net-(J4-Pad41)">
      <node ref="J4" pin="41"/>
    </net>
    <net code="119" name="Net-(J4-Pad43)">
      <node ref="J4" pin="43"/>
    </net>
    <net code="120" name="Net-(J4-Pad97)">
      <node ref="J4" pin="97"/>
    </net>
    <net code="121" name="Net-(J4-Pad9)">
      <node ref="J4" pin="9"/>
    </net>
    <net code="122" name="Net-(J4-Pad95)">
      <node ref="J4" pin="95"/>
    </net>
    <net code="123" name="Net-(J4-Pad98)">
      <node ref="J4" pin="98"/>
    </net>
    <net code="124" name="Net-(J4-Pad20)">
      <node ref="J4" pin="20"/>
    </net>
    <net code="125" name="Net-(J4-Pad18)">
      <node ref="J4" pin="18"/>
    </net>
    <net code="126" name="Net-(J4-Pad16)">
      <node ref="J4" pin="16"/>
    </net>
    <net code="127" name="Net-(J4-Pad14)">
      <node ref="J4" pin="14"/>
    </net>
    <net code="128" name="Net-(J4-Pad12)">
      <node ref="J4" pin="12"/>
    </net>
    <net code="129" name="Net-(J4-Pad10)">
      <node ref="J4" pin="10"/>
    </net>
    <net code="130" name="Net-(J4-Pad2)">
      <node ref="J4" pin="2"/>
    </net>
    <net code="131" name="Net-(J4-Pad1)">
      <node ref="J4" pin="1"/>
    </net>
    <net code="132" name="Net-(J4-Pad19)">
      <node ref="J4" pin="19"/>
    </net>
    <net code="133" name="Net-(J4-Pad17)">
      <node ref="J4" pin="17"/>
    </net>
    <net code="134" name="Net-(J4-Pad15)">
      <node ref="J4" pin="15"/>
    </net>
    <net code="135" name="Net-(J4-Pad25)">
      <node ref="J4" pin="25"/>
    </net>
    <net code="136" name="Net-(J4-Pad23)">
      <node ref="J4" pin="23"/>
    </net>
    <net code="137" name="Net-(J4-Pad101)">
      <node ref="J4" pin="101"/>
    </net>
    <net code="138" name="Net-(J4-Pad102)">
      <node ref="J4" pin="102"/>
    </net>
    <net code="139" name="Net-(R23-Pad2)">
      <node ref="R24" pin="1"/>
      <node ref="R23" pin="2"/>
      <node ref="U7" pin="1"/>
    </net>
    <net code="140" name="Net-(C31-Pad1)">
      <node ref="C31" pin="1"/>
      <node ref="U7" pin="2"/>
    </net>
    <net code="141" name="Net-(C37-Pad1)">
      <node ref="C37" pin="1"/>
      <node ref="U8" pin="2"/>
    </net>
    <net code="142" name="Net-(C36-Pad1)">
      <node ref="L9" pin="2"/>
      <node ref="D6" pin="2"/>
      <node ref="C36" pin="1"/>
    </net>
    <net code="143" name="Net-(C36-Pad2)">
      <node ref="L6" pin="2"/>
      <node ref="C36" pin="2"/>
      <node ref="U7" pin="4"/>
    </net>
    <net code="144" name="Net-(C34-Pad1)">
      <node ref="C42" pin="1"/>
      <node ref="L7" pin="1"/>
      <node ref="U8" pin="5"/>
      <node ref="L10" pin="1"/>
      <node ref="L6" pin="1"/>
      <node ref="U7" pin="5"/>
      <node ref="C34" pin="1"/>
      <node ref="U7" pin="6"/>
      <node ref="U8" pin="6"/>
    </net>
    <net code="145" name="Net-(C44-Pad2)">
      <node ref="C44" pin="2"/>
      <node ref="U8" pin="4"/>
      <node ref="L10" pin="2"/>
    </net>
    <net code="146" name="Net-(R30-Pad2)">
      <node ref="U8" pin="1"/>
      <node ref="R32" pin="1"/>
      <node ref="R30" pin="2"/>
    </net>
    <net code="147" name="SECOND_5V">
      <node ref="C41" pin="1"/>
      <node ref="R30" pin="1"/>
      <node ref="C43" pin="1"/>
      <node ref="R18" pin="2"/>
      <node ref="D7" pin="1"/>
    </net>
    <net code="148" name="Net-(C44-Pad1)">
      <node ref="C44" pin="1"/>
      <node ref="L11" pin="2"/>
      <node ref="D7" pin="2"/>
    </net>
  </nets>
</export>
